{
  "results": [
    {
      "command": "version",
      "mean": 0.0035886670000000002,
      "stddev": 0.00036964006986526756,
      "median": 0.0035886670000000002,
      "user": 0.0012339999999999999,
      "system": 0.001075,
      "min": 0.0033272920000000004,
      "max": 0.003850042,
      "times": [
        0.003850042,
        0.0033272920000000004
      ],
      "memory_usage_byte": [
        2965504,
        2965504
      ],
      "exit_codes": [
        0,
        0
      ]
    },
    {
      "command": "help",
      "mean": 0.002673875,
      "stddev": 0.000046964618192848074,
      "median": 0.002673875,
      "user": 0.0011289999999999998,
      "system": 0.000778,
      "min": 0.0026406660000000003,
      "max": 0.0027070840000000002,
      "times": [
        0.0026406660000000003,
        0.0027070840000000002
      ],
      "memory_usage_byte": [
        3276800,
        3276800
      ],
      "exit_codes": [
        0,
        0
      ]
    }
  ]
}
