{
  "results": [
    {
      "command": "lcov 100k",
      "mean": 0.010575000000000001,
      "stddev": null,
      "median": 0.010575000000000001,
      "user": 0.006255999999999999,
      "system": 0.002636,
      "min": 0.010575000000000001,
      "max": 0.010575000000000001,
      "times": [
        0.010575000000000001
      ],
      "memory_usage_byte": [
        5373952
      ],
      "exit_codes": [
        0
      ]
    },
    {
      "command": "lcov 1m",
      "mean": 0.05111025,
      "stddev": null,
      "median": 0.05111025,
      "user": 0.043972,
      "system": 0.004487,
      "min": 0.05111025,
      "max": 0.05111025,
      "times": [
        0.05111025
      ],
      "memory_usage_byte": [
        17252352
      ],
      "exit_codes": [
        0
      ]
    },
    {
      "command": "sarif 50k",
      "mean": 0.079385708,
      "stddev": null,
      "median": 0.079385708,
      "user": 0.057947,
      "system": 0.017131,
      "min": 0.079385708,
      "max": 0.079385708,
      "times": [
        0.079385708
      ],
      "memory_usage_byte": [
        92602368
      ],
      "exit_codes": [
        0
      ]
    },
    {
      "command": "sarif 200k",
      "mean": 0.29040391600000004,
      "stddev": null,
      "median": 0.29040391600000004,
      "user": 0.237541,
      "system": 0.043938,
      "min": 0.29040391600000004,
      "max": 0.29040391600000004,
      "times": [
        0.29040391600000004
      ],
      "memory_usage_byte": [
        287424512
      ],
      "exit_codes": [
        0
      ]
    }
  ]
}
