{
  "results": [
    {
      "command": "report terminal",
      "mean": 0.0034395835,
      "stddev": 0.0010820508590174954,
      "median": 0.0034395835,
      "user": 0.000853,
      "system": 0.0008619999999999999,
      "min": 0.0026744580000000002,
      "max": 0.004204709,
      "times": [
        0.004204709,
        0.0026744580000000002
      ],
      "memory_usage_byte": [
        4603904,
        4603904
      ],
      "exit_codes": [
        0,
        0
      ]
    },
    {
      "command": "report json",
      "mean": 0.0032759375,
      "stddev": 0.00004039347487528144,
      "median": 0.0032759375,
      "user": 0.0012875,
      "system": 0.0010969999999999999,
      "min": 0.0032473750000000003,
      "max": 0.0033045,
      "times": [
        0.0032473750000000003,
        0.0033045
      ],
      "memory_usage_byte": [
        5013504,
        5013504
      ],
      "exit_codes": [
        0,
        0
      ]
    },
    {
      "command": "report below 80 json",
      "mean": 0.0025790835,
      "stddev": 0.00005108917204750936,
      "median": 0.0025790835,
      "user": 0.0008179999999999999,
      "system": 0.0009174999999999999,
      "min": 0.002542958,
      "max": 0.0026152090000000003,
      "times": [
        0.0026152090000000003,
        0.002542958
      ],
      "memory_usage_byte": [
        5013504,
        5013504
      ],
      "exit_codes": [
        0,
        0
      ]
    },
    {
      "command": "report summary-only json",
      "mean": 0.0023017705,
      "stddev": 0.0000428089516398147,
      "median": 0.0023017705,
      "user": 0.000811,
      "system": 0.0007985,
      "min": 0.0022715,
      "max": 0.002332041,
      "times": [
        0.002332041,
        0.0022715
      ],
      "memory_usage_byte": [
        5013504,
        5013504
      ],
      "exit_codes": [
        0,
        0
      ]
    }
  ]
}
