{
  "results": [
    {
      "command": "coverage only",
      "mean": 0.011918729000000001,
      "stddev": 0.00011976550395669024,
      "median": 0.011918729000000001,
      "user": 0.004113,
      "system": 0.0048295000000000005,
      "min": 0.011834042000000001,
      "max": 0.012003416000000001,
      "times": [
        0.011834042000000001,
        0.012003416000000001
      ],
      "memory_usage_byte": [
        5406720,
        5423104
      ],
      "exit_codes": [
        0,
        0
      ]
    },
    {
      "command": "cached issues state",
      "mean": 0.015572270500000002,
      "stddev": 0.0042723681633071485,
      "median": 0.015572270500000002,
      "user": 0.0040465,
      "system": 0.0049015,
      "min": 0.012551250000000002,
      "max": 0.018593291,
      "times": [
        0.018593291,
        0.012551250000000002
      ],
      "memory_usage_byte": [
        5423104,
        5423104
      ],
      "exit_codes": [
        0,
        0
      ]
    },
    {
      "command": "parse issues each run",
      "mean": 0.0162718335,
      "stddev": 0.00011107445450912562,
      "median": 0.0162718335,
      "user": 0.005702499999999999,
      "system": 0.0082825,
      "min": 0.016193292,
      "max": 0.016350375,
      "times": [
        0.016193292,
        0.016350375
      ],
      "memory_usage_byte": [
        5685248,
        5685248
      ],
      "exit_codes": [
        0,
        0
      ]
    }
  ]
}
