{
  "results": [
    {
      "command": "fail-under-total 101",
      "mean": 0.012716375500000002,
      "stddev": 0.00012775086083663046,
      "median": 0.012716375500000002,
      "user": 0.0040655,
      "system": 0.0051185,
      "min": 0.012626042,
      "max": 0.012806709000000001,
      "times": [
        0.012626042,
        0.012806709000000001
      ],
      "memory_usage_byte": [
        5406720,
        5406720
      ],
      "exit_codes": [
        1,
        1
      ]
    }
  ]
}
