{
  "results": [
    {
      "command": "diff json",
      "mean": 0.013454812,
      "stddev": 0.0019204723192178528,
      "median": 0.013454812,
      "user": 0.0039334999999999995,
      "system": 0.005079,
      "min": 0.012096833000000001,
      "max": 0.014812791,
      "times": [
        0.014812791,
        0.012096833000000001
      ],
      "memory_usage_byte": [
        5406720,
        5406720
      ],
      "exit_codes": [
        0,
        0
      ]
    },
    {
      "command": "comment markdown",
      "mean": 0.024149625,
      "stddev": 0.0005271481053745709,
      "median": 0.024149625,
      "user": 0.011973999999999999,
      "system": 0.008287,
      "min": 0.023776875000000003,
      "max": 0.024522375000000003,
      "times": [
        0.024522375000000003,
        0.023776875000000003
      ],
      "memory_usage_byte": [
        22675456,
        22675456
      ],
      "exit_codes": [
        0,
        0
      ]
    },
    {
      "command": "annotate sarif",
      "mean": 0.023840625,
      "stddev": 0.0006666249179636171,
      "median": 0.023840625,
      "user": 0.011464499999999999,
      "system": 0.008362499999999998,
      "min": 0.02336925,
      "max": 0.024312,
      "times": [
        0.02336925,
        0.024312
      ],
      "memory_usage_byte": [
        22970368,
        22970368
      ],
      "exit_codes": [
        0,
        0
      ]
    },
    {
      "command": "pr one-shot",
      "mean": 0.024373000000000002,
      "stddev": 0.00021873216905156048,
      "median": 0.024373000000000002,
      "user": 0.011668999999999999,
      "system": 0.008674000000000001,
      "min": 0.024218333,
      "max": 0.024527667000000003,
      "times": [
        0.024527667000000003,
        0.024218333
      ],
      "memory_usage_byte": [
        23166976,
        23166976
      ],
      "exit_codes": [
        0,
        0
      ]
    }
  ]
}
