{
  "results": [
    {
      "command": "version",
      "mean": 0.0019965019500000005,
      "stddev": 0.00006404260493524684,
      "median": 0.001991792,
      "user": 0.0007560999999999999,
      "system": 0.0005937,
      "min": 0.001918041,
      "max": 0.002154417,
      "times": [
        0.002154417,
        0.001918708,
        0.0019703750000000003,
        0.002072458,
        0.002021666,
        0.0020232500000000003,
        0.00205475,
        0.0020557920000000003,
        0.00196875,
        0.002009875,
        0.002008709,
        0.0020188330000000003,
        0.0019430830000000002,
        0.0019285,
        0.002072708,
        0.0019397910000000002,
        0.001918041,
        0.0019204170000000002,
        0.0019550410000000002,
        0.001974875
      ],
      "memory_usage_byte": [
        2981888,
        2981888,
        2981888,
        2981888,
        2981888,
        2981888,
        2981888,
        2981888,
        2981888,
        2981888,
        2981888,
        2981888,
        2981888,
        2981888,
        2981888,
        2981888,
        2981888,
        2981888,
        2981888,
        2981888
      ],
      "exit_codes": [
        0,
        0,
        0,
        0,
        0,
        0,
        0,
        0,
        0,
        0,
        0,
        0,
        0,
        0,
        0,
        0,
        0,
        0,
        0,
        0
      ]
    },
    {
      "command": "help",
      "mean": 0.0020523061499999997,
      "stddev": 0.00007408198363355012,
      "median": 0.0020519375,
      "user": 0.00077905,
      "system": 0.0006160999999999999,
      "min": 0.0018965000000000002,
      "max": 0.0022080420000000003,
      "times": [
        0.001955667,
        0.00203475,
        0.0018965000000000002,
        0.0021181660000000003,
        0.0021260000000000003,
        0.0021190830000000003,
        0.002082083,
        0.002104625,
        0.0022080420000000003,
        0.002053417,
        0.002120917,
        0.0019964590000000003,
        0.002012541,
        0.001979958,
        0.002014583,
        0.002099333,
        0.002095916,
        0.0019895,
        0.0019881250000000003,
        0.0020504580000000002
      ],
      "memory_usage_byte": [
        3096576,
        3096576,
        3096576,
        3096576,
        3096576,
        3096576,
        3096576,
        3096576,
        3096576,
        3096576,
        3096576,
        3096576,
        3096576,
        3096576,
        3096576,
        3096576,
        3096576,
        3096576,
        3096576,
        3096576
      ],
      "exit_codes": [
        0,
        0,
        0,
        0,
        0,
        0,
        0,
        0,
        0,
        0,
        0,
        0,
        0,
        0,
        0,
        0,
        0,
        0,
        0,
        0
      ]
    }
  ]
}
