{
  "results": [
    {
      "command": "lcov",
      "mean": 0.006510854333333332,
      "stddev": 0.0001730298209433766,
      "median": 0.006528125000000001,
      "user": 0.0023511666666666668,
      "system": 0.002692666666666666,
      "min": 0.006262834,
      "max": 0.006778875,
      "times": [
        0.006262834,
        0.006524,
        0.006305875000000001,
        0.006532250000000001,
        0.006591375,
        0.006680417,
        0.006778875,
        0.00655425,
        0.0064717920000000005,
        0.006368667000000001,
        0.006313458,
        0.006746459000000001
      ],
      "memory_usage_byte": [
        4440064,
        4440064,
        4440064,
        4440064,
        4472832,
        4472832,
        4472832,
        4472832,
        4472832,
        4472832,
        4472832,
        4472832
      ],
      "exit_codes": [
        0,
        0,
        0,
        0,
        0,
        0,
        0,
        0,
        0,
        0,
        0,
        0
      ]
    },
    {
      "command": "cobertura",
      "mean": 0.006759559000000001,
      "stddev": 0.0003168835337174728,
      "median": 0.0067481665000000005,
      "user": 0.002333,
      "system": 0.00277325,
      "min": 0.006344291,
      "max": 0.007253417000000001,
      "times": [
        0.006364375,
        0.006898250000000001,
        0.006411208000000001,
        0.006344291,
        0.006839333,
        0.006655500000000001,
        0.006929,
        0.006511042000000001,
        0.006657000000000001,
        0.007253417000000001,
        0.007074417,
        0.007176875
      ],
      "memory_usage_byte": [
        4472832,
        4472832,
        4489216,
        4489216,
        4489216,
        4489216,
        4489216,
        4489216,
        4489216,
        4489216,
        4489216,
        4489216
      ],
      "exit_codes": [
        0,
        0,
        0,
        0,
        0,
        0,
        0,
        0,
        0,
        0,
        0,
        0
      ]
    },
    {
      "command": "jacoco",
      "mean": 0.006810833333333333,
      "stddev": 0.00016450627462657815,
      "median": 0.0068359585,
      "user": 0.0023682499999999993,
      "system": 0.00279675,
      "min": 0.006565792,
      "max": 0.0070705,
      "times": [
        0.00677525,
        0.0070705,
        0.006996958,
        0.006612333000000001,
        0.006565792,
        0.0066118750000000006,
        0.0068855,
        0.006883458,
        0.006896500000000001,
        0.0069565830000000006,
        0.006788459,
        0.006686792
      ],
      "memory_usage_byte": [
        4833280,
        4833280,
        4833280,
        4833280,
        4833280,
        4833280,
        4833280,
        4833280,
        4833280,
        4833280,
        4833280,
        4833280
      ],
      "exit_codes": [
        0,
        0,
        0,
        0,
        0,
        0,
        0,
        0,
        0,
        0,
        0,
        0
      ]
    },
    {
      "command": "gocov",
      "mean": 0.007092951333333334,
      "stddev": 0.00029344941365338443,
      "median": 0.007107687500000001,
      "user": 0.00249125,
      "system": 0.0028961666666666667,
      "min": 0.006487125000000001,
      "max": 0.007476625000000001,
      "times": [
        0.006487125000000001,
        0.006779541,
        0.007096875000000001,
        0.0073330420000000006,
        0.007292542000000001,
        0.007118500000000001,
        0.006861333000000001,
        0.007315666,
        0.007387167,
        0.006876584000000001,
        0.007090416,
        0.007476625000000001
      ],
      "memory_usage_byte": [
        5783552,
        5783552,
        5783552,
        5783552,
        5783552,
        5783552,
        5783552,
        5783552,
        5783552,
        5783552,
        5783552,
        5783552
      ],
      "exit_codes": [
        0,
        0,
        0,
        0,
        0,
        0,
        0,
        0,
        0,
        0,
        0,
        0
      ]
    },
    {
      "command": "llvm-cov",
      "mean": 0.00745604175,
      "stddev": 0.0011408522852234902,
      "median": 0.006847021,
      "user": 0.0024595,
      "system": 0.003112416666666666,
      "min": 0.006298333000000001,
      "max": 0.009853,
      "times": [
        0.006298333000000001,
        0.006807458000000001,
        0.006796708,
        0.007203167000000001,
        0.006886584,
        0.006627333,
        0.006767250000000001,
        0.007957959,
        0.006595209,
        0.008793750000000001,
        0.009853,
        0.008885750000000001
      ],
      "memory_usage_byte": [
        5783552,
        5783552,
        5783552,
        5783552,
        5783552,
        5783552,
        5783552,
        5783552,
        5783552,
        5783552,
        5783552,
        5783552
      ],
      "exit_codes": [
        0,
        0,
        0,
        0,
        0,
        0,
        0,
        0,
        0,
        0,
        0,
        0
      ]
    }
  ]
}
