{
  "results": [
    {
      "command": "lcov 100k",
      "mean": 0.012451007000000002,
      "stddev": 0.0002493329912979827,
      "median": 0.012374896,
      "user": 0.006775499999999999,
      "system": 0.003578333333333333,
      "min": 0.012171417,
      "max": 0.012805708,
      "times": [
        0.012319542000000001,
        0.012282000000000001,
        0.012171417,
        0.012697125,
        0.012805708,
        0.01243025
      ],
      "memory_usage_byte": [
        5701632,
        5701632,
        5701632,
        5701632,
        5799936,
        5799936
      ],
      "exit_codes": [
        0,
        0,
        0,
        0,
        0,
        0
      ]
    },
    {
      "command": "lcov 1m",
      "mean": 0.052434742666666666,
      "stddev": 0.0002574208715630228,
      "median": 0.0524605205,
      "user": 0.04396733333333333,
      "system": 0.004985,
      "min": 0.052039375000000006,
      "max": 0.052777833,
      "times": [
        0.052577416,
        0.052548458000000006,
        0.052292791000000005,
        0.052777833,
        0.052039375000000006,
        0.052372583
      ],
      "memory_usage_byte": [
        17399808,
        17399808,
        17399808,
        17399808,
        17399808,
        17399808
      ],
      "exit_codes": [
        0,
        0,
        0,
        0,
        0,
        0
      ]
    },
    {
      "command": "sarif 50k",
      "mean": 0.082748785,
      "stddev": 0.0017936798228439768,
      "median": 0.082143167,
      "user": 0.0564365,
      "system": 0.018049,
      "min": 0.08140741700000001,
      "max": 0.08627383400000001,
      "times": [
        0.08627383400000001,
        0.08206275,
        0.08169604100000001,
        0.082223584,
        0.08140741700000001,
        0.08282908400000001
      ],
      "memory_usage_byte": [
        80445440,
        92078080,
        92078080,
        92078080,
        92078080,
        92078080
      ],
      "exit_codes": [
        0,
        0,
        0,
        0,
        0,
        0
      ]
    },
    {
      "command": "sarif 200k",
      "mean": 0.28590265983333335,
      "stddev": 0.006435561364185481,
      "median": 0.286010333,
      "user": 0.23459799999999997,
      "system": 0.04184366666666666,
      "min": 0.27818995900000004,
      "max": 0.295736875,
      "times": [
        0.289509625,
        0.27818995900000004,
        0.287133333,
        0.284887333,
        0.295736875,
        0.279958834
      ],
      "memory_usage_byte": [
        283230208,
        283230208,
        283230208,
        287834112,
        287834112,
        287834112
      ],
      "exit_codes": [
        0,
        0,
        0,
        0,
        0,
        0
      ]
    }
  ]
}
