{
  "results": [
    {
      "command": "report terminal",
      "mean": 0.00246303825,
      "stddev": 0.00010668673370124759,
      "median": 0.0024472290000000004,
      "user": 0.0008294999999999999,
      "system": 0.0008148333333333332,
      "min": 0.002313125,
      "max": 0.0026805830000000003,
      "times": [
        0.002639292,
        0.0026805830000000003,
        0.0024790420000000003,
        0.002347792,
        0.002455333,
        0.0024880410000000003,
        0.002423459,
        0.0024391250000000003,
        0.0024377920000000003,
        0.002313125,
        0.002378166,
        0.0024747090000000003
      ],
      "memory_usage_byte": [
        4358144,
        4358144,
        4358144,
        4358144,
        4358144,
        4358144,
        4358144,
        4358144,
        4358144,
        4358144,
        4358144,
        4358144
      ],
      "exit_codes": [
        0,
        0,
        0,
        0,
        0,
        0,
        0,
        0,
        0,
        0,
        0,
        0
      ]
    },
    {
      "command": "report json",
      "mean": 0.0028705694166666668,
      "stddev": 0.00011347555854612951,
      "median": 0.0028852495,
      "user": 0.001231083333333333,
      "system": 0.0008236666666666666,
      "min": 0.0027017910000000003,
      "max": 0.003077625,
      "times": [
        0.002906792,
        0.0030415000000000004,
        0.0029053330000000004,
        0.002922792,
        0.002790958,
        0.003077625,
        0.002788,
        0.0027851670000000003,
        0.002908917,
        0.002752792,
        0.0027017910000000003,
        0.002865166
      ],
      "memory_usage_byte": [
        5013504,
        5013504,
        5013504,
        5013504,
        5013504,
        5013504,
        5013504,
        5013504,
        5013504,
        5013504,
        5013504,
        5013504
      ],
      "exit_codes": [
        0,
        0,
        0,
        0,
        0,
        0,
        0,
        0,
        0,
        0,
        0,
        0
      ]
    },
    {
      "command": "report below 80 json",
      "mean": 0.002411833416666667,
      "stddev": 0.00015894945104509765,
      "median": 0.0024020835,
      "user": 0.0008081666666666666,
      "system": 0.00079475,
      "min": 0.002216875,
      "max": 0.0027399580000000002,
      "times": [
        0.002216875,
        0.00221975,
        0.002248084,
        0.002443334,
        0.0024178330000000003,
        0.00234075,
        0.0024767500000000002,
        0.002568667,
        0.002566708,
        0.0027399580000000002,
        0.002386334,
        0.002316958
      ],
      "memory_usage_byte": [
        5013504,
        5013504,
        5013504,
        5013504,
        5013504,
        5013504,
        5013504,
        5013504,
        5013504,
        5013504,
        5013504,
        5013504
      ],
      "exit_codes": [
        0,
        0,
        0,
        0,
        0,
        0,
        0,
        0,
        0,
        0,
        0,
        0
      ]
    },
    {
      "command": "report summary-only json",
      "mean": 0.0023891390833333335,
      "stddev": 0.00010401258686197406,
      "median": 0.0023962085,
      "user": 0.0008115833333333331,
      "system": 0.000818,
      "min": 0.0022617500000000003,
      "max": 0.0026230000000000003,
      "times": [
        0.0026230000000000003,
        0.0022617500000000003,
        0.0023238340000000003,
        0.002340042,
        0.0022773330000000003,
        0.002274583,
        0.0024898750000000003,
        0.002431667,
        0.00238475,
        0.002407667,
        0.002411584,
        0.002443584
      ],
      "memory_usage_byte": [
        5013504,
        5013504,
        5013504,
        5013504,
        5013504,
        5013504,
        5013504,
        5013504,
        5013504,
        5013504,
        5013504,
        5013504
      ],
      "exit_codes": [
        0,
        0,
        0,
        0,
        0,
        0,
        0,
        0,
        0,
        0,
        0,
        0
      ]
    }
  ]
}
