{
  "results": [
    {
      "command": "coverage only",
      "mean": 0.0120511285,
      "stddev": 0.00032280942087032754,
      "median": 0.0120990835,
      "user": 0.003958,
      "system": 0.004879,
      "min": 0.011582458,
      "max": 0.01248025,
      "times": [
        0.01248025,
        0.012305958,
        0.012346792,
        0.011680583000000001,
        0.012193500000000001,
        0.012395833,
        0.011788917000000001,
        0.011582458,
        0.01231275,
        0.012004667,
        0.011815292000000002,
        0.011706542
      ],
      "memory_usage_byte": [
        5128192,
        5128192,
        5128192,
        5128192,
        5128192,
        5128192,
        5423104,
        5423104,
        5423104,
        5423104,
        5423104,
        5423104
      ],
      "exit_codes": [
        0,
        0,
        0,
        0,
        0,
        0,
        0,
        0,
        0,
        0,
        0,
        0
      ]
    },
    {
      "command": "cached issues state",
      "mean": 0.012378583333333337,
      "stddev": 0.0004728354432026073,
      "median": 0.012472854500000002,
      "user": 0.003955416666666666,
      "system": 0.005096583333333332,
      "min": 0.011772000000000001,
      "max": 0.013097250000000001,
      "times": [
        0.011772000000000001,
        0.011917667000000002,
        0.01252375,
        0.012642,
        0.012855375,
        0.012762125000000001,
        0.013097250000000001,
        0.011920791,
        0.012003833,
        0.011794917,
        0.012421959000000002,
        0.012831333
      ],
      "memory_usage_byte": [
        5423104,
        5423104,
        5423104,
        5423104,
        5423104,
        5423104,
        5423104,
        5423104,
        5423104,
        5423104,
        5423104,
        5423104
      ],
      "exit_codes": [
        0,
        0,
        0,
        0,
        0,
        0,
        0,
        0,
        0,
        0,
        0,
        0
      ]
    },
    {
      "command": "parse issues each run",
      "mean": 0.017339628333333332,
      "stddev": 0.0006772069898900038,
      "median": 0.017235333,
      "user": 0.0057547499999999994,
      "system": 0.008932833333333333,
      "min": 0.016287458,
      "max": 0.018452792000000003,
      "times": [
        0.016763375,
        0.017989,
        0.017264458,
        0.018220833000000002,
        0.017820125000000003,
        0.017206208,
        0.017578083,
        0.016965708,
        0.016287458,
        0.016928000000000002,
        0.0165995,
        0.018452792000000003
      ],
      "memory_usage_byte": [
        5718016,
        5718016,
        5718016,
        5718016,
        5718016,
        5718016,
        5718016,
        5718016,
        5718016,
        5718016,
        5718016,
        6209536
      ],
      "exit_codes": [
        0,
        0,
        0,
        0,
        0,
        0,
        0,
        0,
        0,
        0,
        0,
        0
      ]
    }
  ]
}
