{
  "results": [
    {
      "command": "fail-under-total 101",
      "mean": 0.0125243055,
      "stddev": 0.0008089919054909694,
      "median": 0.0123674165,
      "user": 0.004014416666666666,
      "system": 0.005069083333333333,
      "min": 0.011357417,
      "max": 0.0140055,
      "times": [
        0.012584083000000001,
        0.012356625000000001,
        0.01145,
        0.0120455,
        0.012378208,
        0.01295375,
        0.01228275,
        0.011357417,
        0.012998750000000002,
        0.013774541000000001,
        0.0140055,
        0.012104542000000001
      ],
      "memory_usage_byte": [
        5128192,
        5128192,
        5439488,
        5439488,
        5439488,
        5439488,
        5439488,
        5439488,
        5439488,
        5439488,
        5439488,
        5439488
      ],
      "exit_codes": [
        1,
        1,
        1,
        1,
        1,
        1,
        1,
        1,
        1,
        1,
        1,
        1
      ]
    }
  ]
}
