{
  "results": [
    {
      "command": "diff json",
      "mean": 0.012404756833333334,
      "stddev": 0.0005073935266795721,
      "median": 0.012228437500000001,
      "user": 0.004082166666666666,
      "system": 0.005130666666666667,
      "min": 0.011962125,
      "max": 0.013774125000000002,
      "times": [
        0.012048000000000001,
        0.0124665,
        0.011962125,
        0.012649375000000001,
        0.013774125000000002,
        0.012744917000000001,
        0.012058041,
        0.0121775,
        0.012279375,
        0.012040375,
        0.012575541,
        0.012081208000000001
      ],
      "memory_usage_byte": [
        5242880,
        5242880,
        5242880,
        5242880,
        5242880,
        5242880,
        5242880,
        5242880,
        5242880,
        5242880,
        5242880,
        5242880
      ],
      "exit_codes": [
        0,
        0,
        0,
        0,
        0,
        0,
        0,
        0,
        0,
        0,
        0,
        0
      ]
    },
    {
      "command": "comment markdown",
      "mean": 0.02413751041666667,
      "stddev": 0.000369030730354646,
      "median": 0.0240422915,
      "user": 0.011573416666666668,
      "system": 0.008466749999999999,
      "min": 0.023731458,
      "max": 0.024800792000000002,
      "times": [
        0.023731458,
        0.023881042,
        0.024348125,
        0.02450725,
        0.024800792000000002,
        0.023833333,
        0.02412175,
        0.023793417,
        0.0242875,
        0.023962833000000003,
        0.024625125,
        0.0237575
      ],
      "memory_usage_byte": [
        22855680,
        22855680,
        22855680,
        22855680,
        22855680,
        22855680,
        22855680,
        22855680,
        22855680,
        22855680,
        22855680,
        22937600
      ],
      "exit_codes": [
        0,
        0,
        0,
        0,
        0,
        0,
        0,
        0,
        0,
        0,
        0,
        0
      ]
    },
    {
      "command": "annotate sarif",
      "mean": 0.024426500083333334,
      "stddev": 0.0008461229883037592,
      "median": 0.024194312000000003,
      "user": 0.01158,
      "system": 0.008546249999999998,
      "min": 0.023860667000000002,
      "max": 0.026996541000000002,
      "times": [
        0.024033375000000003,
        0.024238459,
        0.023860667000000002,
        0.024039459000000003,
        0.026996541000000002,
        0.024717625,
        0.024309584000000002,
        0.02407975,
        0.024182541000000002,
        0.023907750000000002,
        0.024206083000000003,
        0.024546167
      ],
      "memory_usage_byte": [
        23134208,
        23134208,
        23134208,
        23134208,
        23134208,
        23134208,
        23134208,
        23134208,
        23134208,
        23134208,
        23134208,
        23134208
      ],
      "exit_codes": [
        0,
        0,
        0,
        0,
        0,
        0,
        0,
        0,
        0,
        0,
        0,
        0
      ]
    },
    {
      "command": "pr one-shot",
      "mean": 0.024431746583333334,
      "stddev": 0.0003147963942690747,
      "median": 0.024430042,
      "user": 0.011655583333333332,
      "system": 0.008535833333333333,
      "min": 0.023930375,
      "max": 0.024868792,
      "times": [
        0.023945791,
        0.024675458,
        0.024184542,
        0.024547792000000002,
        0.024427125,
        0.024854916,
        0.023930375,
        0.024432959,
        0.024285792,
        0.024692208,
        0.024868792,
        0.024335209
      ],
      "memory_usage_byte": [
        23134208,
        23134208,
        23134208,
        23134208,
        23134208,
        23134208,
        23134208,
        23216128,
        23216128,
        23216128,
        23216128,
        23216128
      ],
      "exit_codes": [
        0,
        0,
        0,
        0,
        0,
        0,
        0,
        0,
        0,
        0,
        0,
        0
      ]
    }
  ]
}
