{
  "results": [
    {
      "command": "doctor json",
      "mean": 0.0842598785,
      "stddev": 0.0004967348277290407,
      "median": 0.084300521,
      "user": 0.041719,
      "system": 0.025833916666666668,
      "min": 0.08355354100000001,
      "max": 0.084923042,
      "times": [
        0.084923042,
        0.083821,
        0.084187834,
        0.083602042,
        0.084693958,
        0.0837745,
        0.084776167,
        0.084073667,
        0.08355354100000001,
        0.084413208,
        0.084435166,
        0.08486441700000001
      ],
      "memory_usage_byte": [
        77594624,
        77594624,
        77594624,
        77660160,
        77922304,
        77922304,
        77922304,
        77922304,
        77922304,
        77922304,
        77922304,
        77922304
      ],
      "exit_codes": [
        0,
        0,
        0,
        0,
        0,
        0,
        0,
        0,
        0,
        0,
        0,
        0
      ]
    },
    {
      "command": "map-paths learn",
      "mean": 0.06704908333333334,
      "stddev": 0.0015925288870078972,
      "median": 0.06678489600000001,
      "user": 0.03607008333333333,
      "system": 0.018555416666666668,
      "min": 0.065184833,
      "max": 0.07174791700000001,
      "times": [
        0.06638666700000001,
        0.067137125,
        0.06661625,
        0.066902125,
        0.066545875,
        0.066870542,
        0.065963458,
        0.06732325,
        0.06669925,
        0.07174791700000001,
        0.06721170800000001,
        0.065184833
      ],
      "memory_usage_byte": [
        78725120,
        78725120,
        78725120,
        78725120,
        78725120,
        78725120,
        78725120,
        78725120,
        78725120,
        78725120,
        78725120,
        78725120
      ],
      "exit_codes": [
        0,
        0,
        0,
        0,
        0,
        0,
        0,
        0,
        0,
        0,
        0,
        0
      ]
    },
    {
      "command": "map-paths explain",
      "mean": 0.061902493166666676,
      "stddev": 0.0009034739672744857,
      "median": 0.061808229500000006,
      "user": 0.03453866666666667,
      "system": 0.016540083333333334,
      "min": 0.060083667,
      "max": 0.06343304100000001,
      "times": [
        0.06253133400000001,
        0.062554625,
        0.062506042,
        0.061205542,
        0.061919792,
        0.061588458000000006,
        0.061696667000000004,
        0.062748209,
        0.061160583000000004,
        0.060083667,
        0.06343304100000001,
        0.061401958000000006
      ],
      "memory_usage_byte": [
        78725120,
        78725120,
        78725120,
        78725120,
        78725120,
        78725120,
        78725120,
        78725120,
        78725120,
        78725120,
        78725120,
        78725120
      ],
      "exit_codes": [
        0,
        0,
        0,
        0,
        0,
        0,
        0,
        0,
        0,
        0,
        0,
        0
      ]
    }
  ]
}
