{
  "results": [
    {
      "command": "testmap build",
      "mean": 0.8226723265000001,
      "stddev": 0.006661827804527418,
      "median": 0.819654646,
      "user": 0.26906816666666666,
      "system": 0.348589,
      "min": 0.818176792,
      "max": 0.83527375,
      "times": [
        0.818289292,
        0.83527375,
        0.818176792,
        0.8199022090000001,
        0.8194070830000001,
        0.824984833
      ],
      "memory_usage_byte": [
        5783552,
        5783552,
        5783552,
        5783552,
        5783552,
        5783552
      ],
      "exit_codes": [
        0,
        0,
        0,
        0,
        0,
        0
      ]
    },
    {
      "command": "impact record",
      "mean": 0.8266902148333334,
      "stddev": 0.007618763602847904,
      "median": 0.823837208,
      "user": 0.27070616666666664,
      "system": 0.34907666666666665,
      "min": 0.8196490830000001,
      "max": 0.840971541,
      "times": [
        0.8243218750000001,
        0.828986458,
        0.8228597910000001,
        0.8233525410000001,
        0.8196490830000001,
        0.840971541
      ],
      "memory_usage_byte": [
        5783552,
        5783552,
        5783552,
        5783552,
        5783552,
        5783552
      ],
      "exit_codes": [
        0,
        0,
        0,
        0,
        0,
        0
      ]
    },
    {
      "command": "impact plan",
      "mean": 0.008172840166666666,
      "stddev": 0.00014405640886738303,
      "median": 0.0081221665,
      "user": 0.0027209999999999995,
      "system": 0.0032254999999999996,
      "min": 0.008077875,
      "max": 0.008462792,
      "times": [
        0.008149875000000001,
        0.008077875,
        0.008119625,
        0.008124708000000001,
        0.008462792,
        0.008102166000000001
      ],
      "memory_usage_byte": [
        5783552,
        5783552,
        5783552,
        5783552,
        5783552,
        5783552
      ],
      "exit_codes": [
        0,
        0,
        0,
        0,
        0,
        0
      ]
    }
  ]
}
