{
  "results": [
    {
      "command": "shard plan",
      "mean": 0.0035009273333333336,
      "stddev": 0.0005209095610336236,
      "median": 0.0033247505,
      "user": 0.00089275,
      "system": 0.0013111666666666669,
      "min": 0.0028822500000000003,
      "max": 0.00453775,
      "times": [
        0.0036828750000000004,
        0.003266667,
        0.0036697500000000003,
        0.0038067920000000002,
        0.0043165420000000005,
        0.00453775,
        0.003252417,
        0.003025167,
        0.0033828340000000004,
        0.003190542,
        0.002997542,
        0.0028822500000000003
      ],
      "memory_usage_byte": [
        4374528,
        4374528,
        4374528,
        4374528,
        4374528,
        4374528,
        4374528,
        4374528,
        4374528,
        4374528,
        4374528,
        4374528
      ],
      "exit_codes": [
        0,
        0,
        0,
        0,
        0,
        0,
        0,
        0,
        0,
        0,
        0,
        0
      ]
    },
    {
      "command": "merge 8+8 shards",
      "mean": 0.0031009617500000006,
      "stddev": 0.00016297042064080503,
      "median": 0.003130958,
      "user": 0.0008979166666666667,
      "system": 0.0012601666666666664,
      "min": 0.002895833,
      "max": 0.0034027090000000003,
      "times": [
        0.0029217500000000003,
        0.002909833,
        0.002895833,
        0.0031446250000000003,
        0.003190875,
        0.0034027090000000003,
        0.00318875,
        0.0033155410000000004,
        0.003124,
        0.002984917,
        0.003137916,
        0.002994792
      ],
      "memory_usage_byte": [
        4374528,
        4374528,
        4374528,
        4374528,
        4374528,
        4472832,
        4472832,
        4472832,
        4472832,
        4472832,
        4472832,
        4472832
      ],
      "exit_codes": [
        0,
        0,
        0,
        0,
        0,
        0,
        0,
        0,
        0,
        0,
        0,
        0
      ]
    }
  ]
}
