{
  "results": [
    {
      "command": "version",
      "mean": 0.0022714271000000004,
      "stddev": 0.0006087891962094578,
      "median": 0.0021141875,
      "user": 0.0007736500000000001,
      "system": 0.0006531499999999999,
      "min": 0.002001292,
      "max": 0.004819917,
      "times": [
        0.00206425,
        0.002001292,
        0.002065125,
        0.0020492500000000003,
        0.0022695000000000002,
        0.0021116250000000002,
        0.002067667,
        0.002152167,
        0.002276083,
        0.002120208,
        0.004819917,
        0.0022929580000000003,
        0.002431041,
        0.00211675,
        0.002140875,
        0.002131959,
        0.002059917,
        0.00207775,
        0.002071292,
        0.002108916
      ],
      "memory_usage_byte": [
        3145728,
        3145728,
        3145728,
        3145728,
        3145728,
        3145728,
        3145728,
        3145728,
        3145728,
        3145728,
        3145728,
        3145728,
        3145728,
        3145728,
        3145728,
        3145728,
        3145728,
        3145728,
        3145728,
        3145728
      ],
      "exit_codes": [
        0,
        0,
        0,
        0,
        0,
        0,
        0,
        0,
        0,
        0,
        0,
        0,
        0,
        0,
        0,
        0,
        0,
        0,
        0,
        0
      ]
    },
    {
      "command": "help",
      "mean": 0.002112221,
      "stddev": 0.00006735161755178645,
      "median": 0.002117625,
      "user": 0.0007853500000000001,
      "system": 0.0006410000000000001,
      "min": 0.00198125,
      "max": 0.002294417,
      "times": [
        0.00198125,
        0.0020583330000000003,
        0.002148084,
        0.002109666,
        0.00205075,
        0.002109417,
        0.0021693750000000003,
        0.002134917,
        0.002094209,
        0.002123667,
        0.002294417,
        0.002125834,
        0.00217725,
        0.0021533340000000002,
        0.00212625,
        0.0021382090000000003,
        0.00201375,
        0.0020930000000000002,
        0.002111583,
        0.002031125
      ],
      "memory_usage_byte": [
        3145728,
        3145728,
        3145728,
        3145728,
        3145728,
        3145728,
        3276800,
        3276800,
        3276800,
        3276800,
        3276800,
        3276800,
        3276800,
        3276800,
        3276800,
        3276800,
        3276800,
        3276800,
        3276800,
        3276800
      ],
      "exit_codes": [
        0,
        0,
        0,
        0,
        0,
        0,
        0,
        0,
        0,
        0,
        0,
        0,
        0,
        0,
        0,
        0,
        0,
        0,
        0,
        0
      ]
    }
  ]
}
