{
  "results": [
    {
      "command": "lcov",
      "mean": 0.006758090333333334,
      "stddev": 0.00015411897773375265,
      "median": 0.0067680205,
      "user": 0.0023521666666666665,
      "system": 0.002771916666666667,
      "min": 0.006473250000000001,
      "max": 0.006999167000000001,
      "times": [
        0.006755541,
        0.0068533330000000005,
        0.0066937920000000005,
        0.006877708000000001,
        0.006688875,
        0.006917167,
        0.006999167000000001,
        0.0067805,
        0.006652959000000001,
        0.006855125,
        0.006473250000000001,
        0.006549667
      ],
      "memory_usage_byte": [
        4521984,
        4521984,
        4521984,
        4521984,
        4521984,
        4521984,
        4521984,
        4521984,
        4521984,
        4521984,
        4521984,
        4521984
      ],
      "exit_codes": [
        0,
        0,
        0,
        0,
        0,
        0,
        0,
        0,
        0,
        0,
        0,
        0
      ]
    },
    {
      "command": "cobertura",
      "mean": 0.006502253583333333,
      "stddev": 0.00010898172594977758,
      "median": 0.006480666500000001,
      "user": 0.00230575,
      "system": 0.0026811666666666668,
      "min": 0.0063715,
      "max": 0.006749625,
      "times": [
        0.006438084,
        0.0065995,
        0.006400709,
        0.006493208,
        0.006532459,
        0.006591541,
        0.006749625,
        0.006440833,
        0.006550042000000001,
        0.0063715,
        0.006468125000000001,
        0.006391417000000001
      ],
      "memory_usage_byte": [
        4521984,
        4521984,
        4521984,
        4521984,
        4521984,
        4521984,
        4521984,
        4538368,
        4538368,
        4538368,
        4538368,
        4538368
      ],
      "exit_codes": [
        0,
        0,
        0,
        0,
        0,
        0,
        0,
        0,
        0,
        0,
        0,
        0
      ]
    },
    {
      "command": "jacoco",
      "mean": 0.006439496583333335,
      "stddev": 0.00014941472412927984,
      "median": 0.0064192500000000005,
      "user": 0.002322333333333333,
      "system": 0.0026421666666666664,
      "min": 0.006228709000000001,
      "max": 0.0067506250000000005,
      "times": [
        0.006455333000000001,
        0.006376292,
        0.006443875000000001,
        0.006394625,
        0.006447292,
        0.0066083750000000005,
        0.006596375000000001,
        0.0067506250000000005,
        0.0062925,
        0.006228709000000001,
        0.006298417000000001,
        0.006381541
      ],
      "memory_usage_byte": [
        4538368,
        4538368,
        4538368,
        4538368,
        4538368,
        4538368,
        4538368,
        4538368,
        4538368,
        4538368,
        4538368,
        4538368
      ],
      "exit_codes": [
        0,
        0,
        0,
        0,
        0,
        0,
        0,
        0,
        0,
        0,
        0,
        0
      ]
    },
    {
      "command": "gocov",
      "mean": 0.00678279525,
      "stddev": 0.00014556160365858544,
      "median": 0.006787271000000001,
      "user": 0.002464833333333333,
      "system": 0.0027971666666666666,
      "min": 0.006486834,
      "max": 0.007050917,
      "times": [
        0.006679791,
        0.006843709000000001,
        0.0067155,
        0.007050917,
        0.006809292000000001,
        0.00676525,
        0.006876333,
        0.0068837920000000006,
        0.006635625,
        0.006486834,
        0.006753083,
        0.006893417000000001
      ],
      "memory_usage_byte": [
        5390336,
        5390336,
        5390336,
        5390336,
        5390336,
        5390336,
        5390336,
        5390336,
        5390336,
        5390336,
        5390336,
        5390336
      ],
      "exit_codes": [
        0,
        0,
        0,
        0,
        0,
        0,
        0,
        0,
        0,
        0,
        0,
        0
      ]
    },
    {
      "command": "llvm-cov",
      "mean": 0.006460597083333334,
      "stddev": 0.00014092439580044234,
      "median": 0.006471270500000001,
      "user": 0.0022984999999999998,
      "system": 0.0026495833333333332,
      "min": 0.006229333,
      "max": 0.006688042000000001,
      "times": [
        0.006229333,
        0.006390000000000001,
        0.006481375,
        0.006390125,
        0.006315375000000001,
        0.0063212500000000005,
        0.006688042000000001,
        0.0064752080000000005,
        0.0064673330000000005,
        0.006648375000000001,
        0.0066192080000000006,
        0.0065015410000000004
      ],
      "memory_usage_byte": [
        5390336,
        5390336,
        5390336,
        5390336,
        5390336,
        5390336,
        5390336,
        5390336,
        5390336,
        5390336,
        5390336,
        5390336
      ],
      "exit_codes": [
        0,
        0,
        0,
        0,
        0,
        0,
        0,
        0,
        0,
        0,
        0,
        0
      ]
    }
  ]
}
