{
  "results": [
    {
      "command": "lcov 100k",
      "mean": 0.010855986166666666,
      "stddev": 0.000116448721206232,
      "median": 0.010851729000000001,
      "user": 0.006377999999999999,
      "system": 0.0028423333333333334,
      "min": 0.010683125,
      "max": 0.011007375000000002,
      "times": [
        0.011007375000000002,
        0.010785959000000001,
        0.010956,
        0.010857167000000001,
        0.010846291000000001,
        0.010683125
      ],
      "memory_usage_byte": [
        5406720,
        5406720,
        5701632,
        5701632,
        5701632,
        5701632
      ],
      "exit_codes": [
        0,
        0,
        0,
        0,
        0,
        0
      ]
    },
    {
      "command": "lcov 1m",
      "mean": 0.0550086805,
      "stddev": 0.0005934249909714782,
      "median": 0.05498758300000001,
      "user": 0.047687833333333325,
      "system": 0.004646333333333333,
      "min": 0.054185208000000006,
      "max": 0.055745333,
      "times": [
        0.054578292,
        0.055130666,
        0.054844500000000004,
        0.055745333,
        0.054185208000000006,
        0.055568084000000004
      ],
      "memory_usage_byte": [
        17285120,
        17547264,
        17547264,
        17547264,
        17547264,
        17547264
      ],
      "exit_codes": [
        0,
        0,
        0,
        0,
        0,
        0
      ]
    },
    {
      "command": "sarif 50k",
      "mean": 0.08471329866666667,
      "stddev": 0.0013668655818696548,
      "median": 0.085267833,
      "user": 0.06038916666666667,
      "system": 0.017565666666666667,
      "min": 0.082045542,
      "max": 0.085654166,
      "times": [
        0.08450570900000001,
        0.085263458,
        0.085654166,
        0.085272208,
        0.082045542,
        0.085538709
      ],
      "memory_usage_byte": [
        80494592,
        86163456,
        86163456,
        86163456,
        86163456,
        86163456
      ],
      "exit_codes": [
        0,
        0,
        0,
        0,
        0,
        0
      ]
    },
    {
      "command": "sarif 200k",
      "mean": 0.2960021736666667,
      "stddev": 0.0032200796837448457,
      "median": 0.295457125,
      "user": 0.24661399999999997,
      "system": 0.0403015,
      "min": 0.292578958,
      "max": 0.301363792,
      "times": [
        0.29576525000000004,
        0.292578958,
        0.295149,
        0.293315792,
        0.29784025000000003,
        0.301363792
      ],
      "memory_usage_byte": [
        281100288,
        281100288,
        306511872,
        306511872,
        306511872,
        306511872
      ],
      "exit_codes": [
        0,
        0,
        0,
        0,
        0,
        0
      ]
    }
  ]
}
