{
  "results": [
    {
      "command": "report terminal",
      "mean": 0.0024593229166666665,
      "stddev": 0.00005695234749804336,
      "median": 0.002449229,
      "user": 0.0008300833333333333,
      "system": 0.0007854166666666666,
      "min": 0.002388458,
      "max": 0.0025762090000000003,
      "times": [
        0.0025762090000000003,
        0.0024795000000000004,
        0.00244275,
        0.0024772080000000003,
        0.0024347920000000003,
        0.002408542,
        0.002455833,
        0.002553917,
        0.002455708,
        0.0024377080000000002,
        0.00240125,
        0.002388458
      ],
      "memory_usage_byte": [
        4358144,
        4358144,
        4358144,
        4358144,
        4358144,
        4358144,
        4358144,
        4358144,
        4358144,
        4358144,
        4358144,
        4358144
      ],
      "exit_codes": [
        0,
        0,
        0,
        0,
        0,
        0,
        0,
        0,
        0,
        0,
        0,
        0
      ]
    },
    {
      "command": "report json",
      "mean": 0.002823003666666666,
      "stddev": 0.00007393961943779579,
      "median": 0.002831917,
      "user": 0.0012318333333333333,
      "system": 0.0007988333333333333,
      "min": 0.002715917,
      "max": 0.0029465840000000004,
      "times": [
        0.0028996670000000003,
        0.0028779580000000003,
        0.00275975,
        0.0029465840000000004,
        0.0028628340000000003,
        0.0028116670000000003,
        0.002852167,
        0.002879125,
        0.0027292500000000003,
        0.002786292,
        0.002715917,
        0.0027548330000000004
      ],
      "memory_usage_byte": [
        5013504,
        5013504,
        5013504,
        5013504,
        5013504,
        5013504,
        5013504,
        5013504,
        5013504,
        5013504,
        5013504,
        5013504
      ],
      "exit_codes": [
        0,
        0,
        0,
        0,
        0,
        0,
        0,
        0,
        0,
        0,
        0,
        0
      ]
    },
    {
      "command": "report below 80 json",
      "mean": 0.002319749916666667,
      "stddev": 0.00007669042515732077,
      "median": 0.0023250205000000003,
      "user": 0.0008130833333333333,
      "system": 0.0007574166666666667,
      "min": 0.002150459,
      "max": 0.0024067090000000004,
      "times": [
        0.002150459,
        0.002264916,
        0.002352292,
        0.0023137080000000003,
        0.002406375,
        0.0024067090000000004,
        0.002315333,
        0.002381625,
        0.002278833,
        0.002241541,
        0.0023905000000000003,
        0.002334708
      ],
      "memory_usage_byte": [
        5013504,
        5013504,
        5013504,
        5013504,
        5013504,
        5013504,
        5013504,
        5013504,
        5013504,
        5013504,
        5013504,
        5013504
      ],
      "exit_codes": [
        0,
        0,
        0,
        0,
        0,
        0,
        0,
        0,
        0,
        0,
        0,
        0
      ]
    },
    {
      "command": "report summary-only json",
      "mean": 0.002324409666666667,
      "stddev": 0.00008412915670166519,
      "median": 0.002323167,
      "user": 0.0008159166666666666,
      "system": 0.0007586666666666666,
      "min": 0.002192458,
      "max": 0.0024702500000000002,
      "times": [
        0.002192458,
        0.002193167,
        0.002265041,
        0.002310625,
        0.0023632080000000003,
        0.002316125,
        0.002330209,
        0.002372166,
        0.002414167,
        0.002277292,
        0.002388208,
        0.0024702500000000002
      ],
      "memory_usage_byte": [
        5013504,
        5013504,
        5013504,
        5013504,
        5013504,
        5013504,
        5013504,
        5013504,
        5013504,
        5013504,
        5013504,
        5013504
      ],
      "exit_codes": [
        0,
        0,
        0,
        0,
        0,
        0,
        0,
        0,
        0,
        0,
        0,
        0
      ]
    }
  ]
}
