{
  "results": [
    {
      "command": "coverage only",
      "mean": 0.011861361,
      "stddev": 0.00020918124946388644,
      "median": 0.011881583000000001,
      "user": 0.003952999999999999,
      "system": 0.004765416666666665,
      "min": 0.011514041000000001,
      "max": 0.012177750000000001,
      "times": [
        0.011651625,
        0.011665208000000002,
        0.011866583,
        0.011617833000000001,
        0.011896583,
        0.011514041000000001,
        0.012087375000000001,
        0.012032292,
        0.011835916,
        0.011978459,
        0.012012667000000001,
        0.012177750000000001
      ],
      "memory_usage_byte": [
        5144576,
        5144576,
        5144576,
        5144576,
        5144576,
        5144576,
        5144576,
        5144576,
        5144576,
        5144576,
        5144576,
        5144576
      ],
      "exit_codes": [
        0,
        0,
        0,
        0,
        0,
        0,
        0,
        0,
        0,
        0,
        0,
        0
      ]
    },
    {
      "command": "cached issues state",
      "mean": 0.012048454833333333,
      "stddev": 0.0002796364251142846,
      "median": 0.012027229,
      "user": 0.003946333333333334,
      "system": 0.0048291666666666665,
      "min": 0.011578792000000001,
      "max": 0.01258325,
      "times": [
        0.011601209000000001,
        0.012247333000000001,
        0.012294041,
        0.012018625000000002,
        0.0121125,
        0.011965292,
        0.01221475,
        0.011965417,
        0.011964416,
        0.012035833000000001,
        0.01258325,
        0.011578792000000001
      ],
      "memory_usage_byte": [
        5423104,
        5423104,
        5423104,
        5423104,
        5423104,
        5423104,
        5423104,
        5423104,
        5423104,
        5423104,
        5423104,
        5423104
      ],
      "exit_codes": [
        0,
        0,
        0,
        0,
        0,
        0,
        0,
        0,
        0,
        0,
        0,
        0
      ]
    },
    {
      "command": "parse issues each run",
      "mean": 0.01655342716666667,
      "stddev": 0.00012839254198804306,
      "median": 0.0165716665,
      "user": 0.005646666666666667,
      "system": 0.008635666666666666,
      "min": 0.016305334,
      "max": 0.016717375,
      "times": [
        0.016624583000000002,
        0.016554792000000002,
        0.016528375,
        0.016486042,
        0.01656575,
        0.016717375,
        0.016577583,
        0.016626167,
        0.016327625000000002,
        0.016689375,
        0.016305334,
        0.016638125
      ],
      "memory_usage_byte": [
        5668864,
        5668864,
        5668864,
        5668864,
        5701632,
        5701632,
        5718016,
        5718016,
        5718016,
        5718016,
        5718016,
        5718016
      ],
      "exit_codes": [
        0,
        0,
        0,
        0,
        0,
        0,
        0,
        0,
        0,
        0,
        0,
        0
      ]
    }
  ]
}
