{
  "results": [
    {
      "command": "fail-under-total 101",
      "mean": 0.011764013916666668,
      "stddev": 0.00024461843789366707,
      "median": 0.011791375,
      "user": 0.003919916666666667,
      "system": 0.00472925,
      "min": 0.011403542000000001,
      "max": 0.012380333,
      "times": [
        0.011697125000000001,
        0.011621916000000001,
        0.011403542000000001,
        0.011832625000000001,
        0.011895417,
        0.011616625,
        0.011783208,
        0.012380333,
        0.011799542000000001,
        0.011495834,
        0.01181775,
        0.011824250000000001
      ],
      "memory_usage_byte": [
        5144576,
        5144576,
        5423104,
        5423104,
        5423104,
        5423104,
        5423104,
        5423104,
        5423104,
        5423104,
        5423104,
        5423104
      ],
      "exit_codes": [
        1,
        1,
        1,
        1,
        1,
        1,
        1,
        1,
        1,
        1,
        1,
        1
      ]
    }
  ]
}
