{
  "results": [
    {
      "command": "diff json",
      "mean": 0.012182229250000001,
      "stddev": 0.000495861525389191,
      "median": 0.012099521,
      "user": 0.003959916666666666,
      "system": 0.004966333333333334,
      "min": 0.011597125000000002,
      "max": 0.013319459,
      "times": [
        0.011705667000000001,
        0.011936583,
        0.012148083,
        0.012104,
        0.011597125000000002,
        0.012095042,
        0.011728542000000002,
        0.013319459,
        0.012777209000000001,
        0.012521917,
        0.012333041000000001,
        0.011920083000000001
      ],
      "memory_usage_byte": [
        5144576,
        5144576,
        5144576,
        5144576,
        5144576,
        5144576,
        5144576,
        5144576,
        5144576,
        5144576,
        5144576,
        5144576
      ],
      "exit_codes": [
        0,
        0,
        0,
        0,
        0,
        0,
        0,
        0,
        0,
        0,
        0,
        0
      ]
    },
    {
      "command": "comment markdown",
      "mean": 0.024107871500000003,
      "stddev": 0.00033562028165432347,
      "median": 0.0241544165,
      "user": 0.011683166666666666,
      "system": 0.008372833333333331,
      "min": 0.023567125,
      "max": 0.024564334,
      "times": [
        0.02440975,
        0.024263042000000002,
        0.024564334,
        0.024466125000000002,
        0.024113125000000003,
        0.024195708,
        0.023567125,
        0.023956833,
        0.023754125,
        0.024006417000000002,
        0.024389458000000003,
        0.023608416
      ],
      "memory_usage_byte": [
        22855680,
        22855680,
        22855680,
        22888448,
        22888448,
        22888448,
        22888448,
        22888448,
        22888448,
        22970368,
        22970368,
        22970368
      ],
      "exit_codes": [
        0,
        0,
        0,
        0,
        0,
        0,
        0,
        0,
        0,
        0,
        0,
        0
      ]
    },
    {
      "command": "annotate sarif",
      "mean": 0.024091816083333332,
      "stddev": 0.0002992667019254833,
      "median": 0.024108146000000004,
      "user": 0.011756833333333333,
      "system": 0.008187,
      "min": 0.0235565,
      "max": 0.024527583000000002,
      "times": [
        0.024297959,
        0.023987500000000002,
        0.024506833000000002,
        0.024527583000000002,
        0.02417425,
        0.023866792,
        0.02398625,
        0.024116209000000003,
        0.0235565,
        0.023679875000000003,
        0.024301959,
        0.024100083
      ],
      "memory_usage_byte": [
        22970368,
        23003136,
        23003136,
        23003136,
        23003136,
        23003136,
        23085056,
        23085056,
        23085056,
        23085056,
        23085056,
        23085056
      ],
      "exit_codes": [
        0,
        0,
        0,
        0,
        0,
        0,
        0,
        0,
        0,
        0,
        0,
        0
      ]
    },
    {
      "command": "pr one-shot",
      "mean": 0.024261364500000004,
      "stddev": 0.0003866654940418606,
      "median": 0.0242733335,
      "user": 0.011738583333333335,
      "system": 0.008378,
      "min": 0.023509375000000002,
      "max": 0.025018708,
      "times": [
        0.024100041000000003,
        0.024458,
        0.024026083,
        0.024530083,
        0.023509375000000002,
        0.024233667,
        0.024149584,
        0.024313,
        0.023824375000000002,
        0.024535875000000002,
        0.024437583000000002,
        0.025018708
      ],
      "memory_usage_byte": [
        23085056,
        23085056,
        23085056,
        23085056,
        23085056,
        23166976,
        23166976,
        23166976,
        23166976,
        23166976,
        23166976,
        23166976
      ],
      "exit_codes": [
        0,
        0,
        0,
        0,
        0,
        0,
        0,
        0,
        0,
        0,
        0,
        0
      ]
    }
  ]
}
