{
  "results": [
    {
      "command": "doctor json",
      "mean": 0.08353761116666665,
      "stddev": 0.0003696587521742992,
      "median": 0.08348258350000001,
      "user": 0.042083249999999996,
      "system": 0.024559333333333325,
      "min": 0.082991458,
      "max": 0.08426475,
      "times": [
        0.082991458,
        0.08386033300000001,
        0.08426475,
        0.08345295800000001,
        0.08336254200000001,
        0.08398187500000001,
        0.083653083,
        0.08362825,
        0.083512209,
        0.08310300000000001,
        0.083195209,
        0.083445667
      ],
      "memory_usage_byte": [
        77709312,
        77709312,
        78757888,
        78757888,
        78757888,
        78757888,
        78757888,
        78757888,
        78757888,
        78757888,
        78757888,
        78757888
      ],
      "exit_codes": [
        0,
        0,
        0,
        0,
        0,
        0,
        0,
        0,
        0,
        0,
        0,
        0
      ]
    },
    {
      "command": "map-paths learn",
      "mean": 0.066477684,
      "stddev": 0.0006332992975638845,
      "median": 0.0665270205,
      "user": 0.03632833333333333,
      "system": 0.017577916666666665,
      "min": 0.065461167,
      "max": 0.067579542,
      "times": [
        0.065461167,
        0.065543291,
        0.066466333,
        0.06658770800000001,
        0.066647417,
        0.06640750000000001,
        0.067141541,
        0.066191083,
        0.066927875,
        0.066891459,
        0.067579542,
        0.065887292
      ],
      "memory_usage_byte": [
        78757888,
        78757888,
        78757888,
        78757888,
        78757888,
        78757888,
        78757888,
        78757888,
        78757888,
        78757888,
        78757888,
        78757888
      ],
      "exit_codes": [
        0,
        0,
        0,
        0,
        0,
        0,
        0,
        0,
        0,
        0,
        0,
        0
      ]
    },
    {
      "command": "map-paths explain",
      "mean": 0.06178828475,
      "stddev": 0.0003542414803135718,
      "median": 0.061697792,
      "user": 0.034681333333333335,
      "system": 0.015615416666666668,
      "min": 0.06128,
      "max": 0.062479375000000004,
      "times": [
        0.061849667000000004,
        0.061936083,
        0.061589833000000004,
        0.061643834,
        0.061650250000000004,
        0.062479375000000004,
        0.06128,
        0.061745334000000006,
        0.062110542000000005,
        0.06224766600000001,
        0.061539833,
        0.061387000000000004
      ],
      "memory_usage_byte": [
        78757888,
        78757888,
        78757888,
        78757888,
        78757888,
        78757888,
        78757888,
        78757888,
        78757888,
        78757888,
        78757888,
        78757888
      ],
      "exit_codes": [
        0,
        0,
        0,
        0,
        0,
        0,
        0,
        0,
        0,
        0,
        0,
        0
      ]
    }
  ]
}
