{
  "results": [
    {
      "command": "testmap build",
      "mean": 0.8103931875,
      "stddev": 0.0021034056892953166,
      "median": 0.8105850835000001,
      "user": 0.26810033333333333,
      "system": 0.3417016666666666,
      "min": 0.8079206670000001,
      "max": 0.8132891250000001,
      "times": [
        0.8132891250000001,
        0.8115969580000001,
        0.8095732090000001,
        0.808381083,
        0.8079206670000001,
        0.811598083
      ],
      "memory_usage_byte": [
        5521408,
        5521408,
        5521408,
        5521408,
        5521408,
        5521408
      ],
      "exit_codes": [
        0,
        0,
        0,
        0,
        0,
        0
      ]
    },
    {
      "command": "impact record",
      "mean": 0.8189164166666667,
      "stddev": 0.0012336803389813042,
      "median": 0.818804729,
      "user": 0.26977249999999997,
      "system": 0.34545050000000005,
      "min": 0.8171805000000001,
      "max": 0.820967792,
      "times": [
        0.8171805000000001,
        0.818450333,
        0.818860541,
        0.8187489170000001,
        0.820967792,
        0.819290417
      ],
      "memory_usage_byte": [
        5521408,
        5521408,
        5521408,
        5521408,
        5521408,
        5521408
      ],
      "exit_codes": [
        0,
        0,
        0,
        0,
        0,
        0
      ]
    },
    {
      "command": "impact plan",
      "mean": 0.0080413125,
      "stddev": 0.00020589891780750083,
      "median": 0.007982833500000001,
      "user": 0.0027123333333333327,
      "system": 0.0031669999999999997,
      "min": 0.007813875,
      "max": 0.008290583,
      "times": [
        0.007906459000000001,
        0.008059208,
        0.008290583,
        0.008282625,
        0.007813875,
        0.007895125000000001
      ],
      "memory_usage_byte": [
        5521408,
        5521408,
        5521408,
        5521408,
        5521408,
        5521408
      ],
      "exit_codes": [
        0,
        0,
        0,
        0,
        0,
        0
      ]
    }
  ]
}
