{
  "results": [
    {
      "command": "shard plan",
      "mean": 0.002960722166666666,
      "stddev": 0.0001089451319299878,
      "median": 0.002978229,
      "user": 0.00090225,
      "system": 0.00118125,
      "min": 0.002784584,
      "max": 0.0031373750000000004,
      "times": [
        0.0030088330000000003,
        0.0031373750000000004,
        0.0030310830000000004,
        0.003052625,
        0.003060791,
        0.002995333,
        0.002891667,
        0.002961125,
        0.002801834,
        0.002784584,
        0.00294875,
        0.002854666
      ],
      "memory_usage_byte": [
        4227072,
        4227072,
        4227072,
        4227072,
        4227072,
        4227072,
        4227072,
        4227072,
        4227072,
        4227072,
        4227072,
        4227072
      ],
      "exit_codes": [
        0,
        0,
        0,
        0,
        0,
        0,
        0,
        0,
        0,
        0,
        0,
        0
      ]
    },
    {
      "command": "merge 8+8 shards",
      "mean": 0.003032611000000001,
      "stddev": 0.00008816248179046767,
      "median": 0.0030197290000000005,
      "user": 0.0008888333333333334,
      "system": 0.0012241666666666666,
      "min": 0.0029260420000000002,
      "max": 0.003211292,
      "times": [
        0.0030374580000000003,
        0.003211292,
        0.0032006250000000003,
        0.0029655830000000004,
        0.0030228330000000004,
        0.0030319580000000004,
        0.0030266250000000002,
        0.003009166,
        0.0029260420000000002,
        0.0029483340000000004,
        0.003016625,
        0.002994791
      ],
      "memory_usage_byte": [
        4472832,
        4472832,
        4472832,
        4472832,
        4472832,
        4472832,
        4472832,
        4472832,
        4472832,
        4472832,
        4472832,
        4472832
      ],
      "exit_codes": [
        0,
        0,
        0,
        0,
        0,
        0,
        0,
        0,
        0,
        0,
        0,
        0
      ]
    }
  ]
}
