{
  "results": [
    {
      "command": "version",
      "mean": 0.00236205,
      "stddev": 0.00021644898960822395,
      "median": 0.0023665,
      "user": 0.0008282000000000001,
      "system": 0.0007450499999999999,
      "min": 0.0020094170000000003,
      "max": 0.002801375,
      "times": [
        0.002801375,
        0.00262975,
        0.002503083,
        0.0024408330000000003,
        0.0024605,
        0.002386792,
        0.002616083,
        0.0026195420000000003,
        0.002551583,
        0.002310375,
        0.0023510420000000002,
        0.002269583,
        0.002381958,
        0.002206125,
        0.002197292,
        0.0022110420000000003,
        0.002142792,
        0.0020847500000000002,
        0.002067083,
        0.0020094170000000003
      ],
      "memory_usage_byte": [
        2981888,
        2981888,
        2981888,
        2981888,
        2981888,
        2981888,
        2981888,
        2981888,
        2981888,
        2981888,
        2981888,
        2981888,
        2981888,
        2981888,
        2981888,
        2981888,
        2981888,
        2981888,
        2981888,
        2981888
      ],
      "exit_codes": [
        0,
        0,
        0,
        0,
        0,
        0,
        0,
        0,
        0,
        0,
        0,
        0,
        0,
        0,
        0,
        0,
        0,
        0,
        0,
        0
      ]
    },
    {
      "command": "help",
      "mean": 0.0020811250500000003,
      "stddev": 0.00006632296177714097,
      "median": 0.0020665,
      "user": 0.00076005,
      "system": 0.00065705,
      "min": 0.0019551250000000003,
      "max": 0.002186917,
      "times": [
        0.002049417,
        0.001983125,
        0.0020465,
        0.002126083,
        0.002152209,
        0.002140583,
        0.00216,
        0.0021411250000000002,
        0.0021580840000000002,
        0.002186917,
        0.002046083,
        0.002062917,
        0.0020700830000000003,
        0.002033042,
        0.0019551250000000003,
        0.002039917,
        0.002116958,
        0.002018958,
        0.002007917,
        0.002127458
      ],
      "memory_usage_byte": [
        3096576,
        3096576,
        3096576,
        3096576,
        3096576,
        3096576,
        3096576,
        3096576,
        3096576,
        3096576,
        3096576,
        3096576,
        3096576,
        3096576,
        3096576,
        3096576,
        3096576,
        3096576,
        3096576,
        3096576
      ],
      "exit_codes": [
        0,
        0,
        0,
        0,
        0,
        0,
        0,
        0,
        0,
        0,
        0,
        0,
        0,
        0,
        0,
        0,
        0,
        0,
        0,
        0
      ]
    }
  ]
}
