{
  "results": [
    {
      "command": "lcov",
      "mean": 0.006601447999999999,
      "stddev": 0.00025307620682962805,
      "median": 0.006562125,
      "user": 0.002311,
      "system": 0.002740583333333333,
      "min": 0.006321209,
      "max": 0.007152083,
      "times": [
        0.00644325,
        0.006559291,
        0.0065676250000000005,
        0.006529709000000001,
        0.006564959,
        0.006756542000000001,
        0.006979542,
        0.007152083,
        0.006628625000000001,
        0.006383458000000001,
        0.006331083,
        0.006321209
      ],
      "memory_usage_byte": [
        4440064,
        4440064,
        4440064,
        4440064,
        4440064,
        4440064,
        4440064,
        4440064,
        4440064,
        4440064,
        4440064,
        4440064
      ],
      "exit_codes": [
        0,
        0,
        0,
        0,
        0,
        0,
        0,
        0,
        0,
        0,
        0,
        0
      ]
    },
    {
      "command": "cobertura",
      "mean": 0.007097906083333335,
      "stddev": 0.0003753645809264418,
      "median": 0.0069690625,
      "user": 0.0024085,
      "system": 0.0029759999999999995,
      "min": 0.0067071660000000005,
      "max": 0.008035333,
      "times": [
        0.0067071660000000005,
        0.006863042000000001,
        0.007032875,
        0.006780250000000001,
        0.008035333,
        0.007582917000000001,
        0.007182583,
        0.007218708000000001,
        0.006961458,
        0.0068828330000000005,
        0.006976667000000001,
        0.006951041000000001
      ],
      "memory_usage_byte": [
        4472832,
        4472832,
        4571136,
        4571136,
        4571136,
        4571136,
        4571136,
        4571136,
        4571136,
        4571136,
        4571136,
        4571136
      ],
      "exit_codes": [
        0,
        0,
        0,
        0,
        0,
        0,
        0,
        0,
        0,
        0,
        0,
        0
      ]
    },
    {
      "command": "jacoco",
      "mean": 0.00663778475,
      "stddev": 0.0001535186143780883,
      "median": 0.006667167,
      "user": 0.0022995833333333336,
      "system": 0.0027997499999999997,
      "min": 0.00630975,
      "max": 0.006824333,
      "times": [
        0.00630975,
        0.0067661660000000005,
        0.006589458,
        0.00658475,
        0.006824333,
        0.006697459,
        0.006792042000000001,
        0.0067383750000000004,
        0.0064786670000000005,
        0.006636875,
        0.006492042000000001,
        0.0067435
      ],
      "memory_usage_byte": [
        4571136,
        4571136,
        4571136,
        4571136,
        4571136,
        4571136,
        4571136,
        4571136,
        4571136,
        4571136,
        4571136,
        4571136
      ],
      "exit_codes": [
        0,
        0,
        0,
        0,
        0,
        0,
        0,
        0,
        0,
        0,
        0,
        0
      ]
    },
    {
      "command": "gocov",
      "mean": 0.00682539925,
      "stddev": 0.00011003479698145495,
      "median": 0.0068623125,
      "user": 0.0024201666666666664,
      "system": 0.0028613333333333334,
      "min": 0.00664025,
      "max": 0.006969709,
      "times": [
        0.0069235830000000005,
        0.006862875,
        0.006731458,
        0.0068819580000000005,
        0.006880750000000001,
        0.006969709,
        0.006861750000000001,
        0.006714792000000001,
        0.006659166,
        0.00664025,
        0.006853167,
        0.0069253330000000005
      ],
      "memory_usage_byte": [
        5390336,
        5390336,
        5390336,
        5390336,
        5390336,
        5390336,
        5390336,
        5390336,
        5390336,
        5390336,
        5390336,
        5390336
      ],
      "exit_codes": [
        0,
        0,
        0,
        0,
        0,
        0,
        0,
        0,
        0,
        0,
        0,
        0
      ]
    },
    {
      "command": "llvm-cov",
      "mean": 0.006611291666666667,
      "stddev": 0.00014647466846730214,
      "median": 0.0066236875,
      "user": 0.0022958333333333333,
      "system": 0.00277125,
      "min": 0.006362625,
      "max": 0.006815417000000001,
      "times": [
        0.006716625,
        0.006815417000000001,
        0.006610625,
        0.006501125000000001,
        0.006569542,
        0.006761041000000001,
        0.006765875,
        0.0066651670000000005,
        0.006378583,
        0.006362625,
        0.00663675,
        0.006552125000000001
      ],
      "memory_usage_byte": [
        5390336,
        5390336,
        5390336,
        5390336,
        5390336,
        5390336,
        5390336,
        5390336,
        5390336,
        5390336,
        5390336,
        5390336
      ],
      "exit_codes": [
        0,
        0,
        0,
        0,
        0,
        0,
        0,
        0,
        0,
        0,
        0,
        0
      ]
    }
  ]
}
