{
  "results": [
    {
      "command": "lcov 100k",
      "mean": 0.0107738265,
      "stddev": 0.0002873235179533692,
      "median": 0.010616729,
      "user": 0.006063333333333334,
      "system": 0.0029651666666666663,
      "min": 0.010550125,
      "max": 0.011174209000000001,
      "times": [
        0.010575125000000001,
        0.010633208,
        0.011110042,
        0.011174209000000001,
        0.010550125,
        0.01060025
      ],
      "memory_usage_byte": [
        5406720,
        5439488,
        5439488,
        5439488,
        5439488,
        5439488
      ],
      "exit_codes": [
        0,
        0,
        0,
        0,
        0,
        0
      ]
    },
    {
      "command": "lcov 1m",
      "mean": 0.05138629866666666,
      "stddev": 0.0006603465383625968,
      "median": 0.051527396,
      "user": 0.043838999999999996,
      "system": 0.004492166666666667,
      "min": 0.050350000000000006,
      "max": 0.052209458,
      "times": [
        0.051701250000000004,
        0.050947958,
        0.051353542,
        0.051755584,
        0.050350000000000006,
        0.052209458
      ],
      "memory_usage_byte": [
        17285120,
        17285120,
        17285120,
        17285120,
        17285120,
        17727488
      ],
      "exit_codes": [
        0,
        0,
        0,
        0,
        0,
        0
      ]
    },
    {
      "command": "sarif 50k",
      "mean": 0.081737722,
      "stddev": 0.0004341810230109088,
      "median": 0.08179402050000001,
      "user": 0.057307833333333336,
      "system": 0.018281999999999996,
      "min": 0.080966459,
      "max": 0.082310458,
      "times": [
        0.082310458,
        0.081788333,
        0.080966459,
        0.08171141600000001,
        0.081849958,
        0.081799708
      ],
      "memory_usage_byte": [
        86802432,
        86802432,
        86802432,
        86802432,
        86802432,
        86802432
      ],
      "exit_codes": [
        0,
        0,
        0,
        0,
        0,
        0
      ]
    },
    {
      "command": "sarif 200k",
      "mean": 0.29069826400000004,
      "stddev": 0.010436251886401836,
      "median": 0.2868343125,
      "user": 0.23424866666666663,
      "system": 0.04352233333333333,
      "min": 0.2845605,
      "max": 0.311816292,
      "times": [
        0.311816292,
        0.28847366700000004,
        0.2856705,
        0.28748470800000003,
        0.286183917,
        0.2845605
      ],
      "memory_usage_byte": [
        285589504,
        285589504,
        285589504,
        291946496,
        291946496,
        291946496
      ],
      "exit_codes": [
        0,
        0,
        0,
        0,
        0,
        0
      ]
    }
  ]
}
