{
  "results": [
    {
      "command": "report terminal",
      "mean": 0.00259517375,
      "stddev": 0.00017576316628407825,
      "median": 0.0026266875,
      "user": 0.0008202499999999999,
      "system": 0.0009103333333333333,
      "min": 0.002355583,
      "max": 0.002885875,
      "times": [
        0.0027874170000000004,
        0.002885875,
        0.002628959,
        0.002626625,
        0.0027348340000000002,
        0.00262675,
        0.0025557080000000003,
        0.002726708,
        0.0023680840000000003,
        0.002355583,
        0.00248775,
        0.002357792
      ],
      "memory_usage_byte": [
        4358144,
        4358144,
        4358144,
        4358144,
        4358144,
        4358144,
        4358144,
        4358144,
        4358144,
        4358144,
        4358144,
        4358144
      ],
      "exit_codes": [
        0,
        0,
        0,
        0,
        0,
        0,
        0,
        0,
        0,
        0,
        0,
        0
      ]
    },
    {
      "command": "report json",
      "mean": 0.00406120825,
      "stddev": 0.0037955726998968424,
      "median": 0.0029172290000000003,
      "user": 0.0012179166666666666,
      "system": 0.0009130833333333333,
      "min": 0.002739375,
      "max": 0.016091916,
      "times": [
        0.002926792,
        0.0028665,
        0.0027513750000000003,
        0.002739375,
        0.0028892080000000003,
        0.002907666,
        0.002929417,
        0.0031975410000000004,
        0.002944209,
        0.0028955,
        0.003595,
        0.016091916
      ],
      "memory_usage_byte": [
        5013504,
        5013504,
        5013504,
        5013504,
        5013504,
        5013504,
        5013504,
        5013504,
        5013504,
        5013504,
        5013504,
        5013504
      ],
      "exit_codes": [
        0,
        0,
        0,
        0,
        0,
        0,
        0,
        0,
        0,
        0,
        0,
        0
      ]
    },
    {
      "command": "report below 80 json",
      "mean": 0.00253451725,
      "stddev": 0.00009196072398102157,
      "median": 0.0025370625000000003,
      "user": 0.0008451666666666665,
      "system": 0.0008811666666666665,
      "min": 0.0024174160000000004,
      "max": 0.002685625,
      "times": [
        0.0026585420000000003,
        0.002685625,
        0.002582916,
        0.0024736660000000002,
        0.0025904170000000002,
        0.002512083,
        0.0024475,
        0.002562042,
        0.0026025420000000002,
        0.0024174160000000004,
        0.002419833,
        0.0024616250000000003
      ],
      "memory_usage_byte": [
        5013504,
        5013504,
        5013504,
        5013504,
        5013504,
        5013504,
        5013504,
        5013504,
        5013504,
        5013504,
        5013504,
        5013504
      ],
      "exit_codes": [
        0,
        0,
        0,
        0,
        0,
        0,
        0,
        0,
        0,
        0,
        0,
        0
      ]
    },
    {
      "command": "report summary-only json",
      "mean": 0.002459437583333333,
      "stddev": 0.00018631240937320027,
      "median": 0.0024053335,
      "user": 0.0007973333333333334,
      "system": 0.0008536666666666665,
      "min": 0.0022692090000000003,
      "max": 0.002922,
      "times": [
        0.002321792,
        0.0022798750000000002,
        0.0022692090000000003,
        0.002420167,
        0.00237675,
        0.0023905000000000003,
        0.0023064170000000003,
        0.002519208,
        0.0025335830000000003,
        0.002922,
        0.0026215,
        0.0025522500000000003
      ],
      "memory_usage_byte": [
        5013504,
        5013504,
        5013504,
        5013504,
        5013504,
        5013504,
        5013504,
        5013504,
        5013504,
        5013504,
        5013504,
        5013504
      ],
      "exit_codes": [
        0,
        0,
        0,
        0,
        0,
        0,
        0,
        0,
        0,
        0,
        0,
        0
      ]
    }
  ]
}
