{
  "results": [
    {
      "command": "coverage only",
      "mean": 0.012210611083333335,
      "stddev": 0.00026253383185253365,
      "median": 0.012166646,
      "user": 0.003952416666666666,
      "system": 0.0049995833333333324,
      "min": 0.011865166,
      "max": 0.012793500000000001,
      "times": [
        0.011865166,
        0.012502333000000001,
        0.012191,
        0.011970458000000002,
        0.012793500000000001,
        0.012227625,
        0.012125917,
        0.012368750000000001,
        0.012142292,
        0.012108166,
        0.012328667000000001,
        0.011903459
      ],
      "memory_usage_byte": [
        5128192,
        5128192,
        5128192,
        5128192,
        5128192,
        5128192,
        5128192,
        5128192,
        5128192,
        5128192,
        5390336,
        5390336
      ],
      "exit_codes": [
        0,
        0,
        0,
        0,
        0,
        0,
        0,
        0,
        0,
        0,
        0,
        0
      ]
    },
    {
      "command": "cached issues state",
      "mean": 0.012309177,
      "stddev": 0.0003353051710356892,
      "median": 0.012259521,
      "user": 0.003926833333333334,
      "system": 0.0049956666666666665,
      "min": 0.011941083,
      "max": 0.013251,
      "times": [
        0.012265792000000001,
        0.012070833000000001,
        0.01225325,
        0.012221334,
        0.012459875,
        0.012166708,
        0.0123455,
        0.011941083,
        0.012421083000000001,
        0.013251,
        0.012300708,
        0.012012958
      ],
      "memory_usage_byte": [
        5390336,
        5390336,
        5390336,
        5390336,
        5390336,
        5390336,
        5390336,
        5390336,
        5390336,
        5390336,
        5390336,
        5390336
      ],
      "exit_codes": [
        0,
        0,
        0,
        0,
        0,
        0,
        0,
        0,
        0,
        0,
        0,
        0
      ]
    },
    {
      "command": "parse issues each run",
      "mean": 0.017456239583333335,
      "stddev": 0.0005411510816149152,
      "median": 0.0173087505,
      "user": 0.00571275,
      "system": 0.009011416666666666,
      "min": 0.017123083,
      "max": 0.01908775,
      "times": [
        0.017127,
        0.017123083,
        0.017132458,
        0.01746125,
        0.017425917000000003,
        0.017700583000000002,
        0.017339167000000003,
        0.017167083,
        0.01908775,
        0.017372500000000003,
        0.01725975,
        0.017278334
      ],
      "memory_usage_byte": [
        5750784,
        5750784,
        5750784,
        5750784,
        5832704,
        5832704,
        5832704,
        5832704,
        5832704,
        5832704,
        5832704,
        5832704
      ],
      "exit_codes": [
        0,
        0,
        0,
        0,
        0,
        0,
        0,
        0,
        0,
        0,
        0,
        0
      ]
    }
  ]
}
