{
  "results": [
    {
      "command": "fail-under-total 101",
      "mean": 0.01210825683333333,
      "stddev": 0.00019791597134726988,
      "median": 0.012107,
      "user": 0.0039243333333333335,
      "system": 0.004989416666666667,
      "min": 0.011713041,
      "max": 0.012411333,
      "times": [
        0.01199,
        0.012087708,
        0.011984375,
        0.012361542000000001,
        0.01192525,
        0.012246583,
        0.012126292,
        0.012411333,
        0.012011833000000001,
        0.011713041,
        0.012247458000000001,
        0.012193667
      ],
      "memory_usage_byte": [
        5128192,
        5128192,
        5128192,
        5128192,
        5128192,
        5128192,
        5128192,
        5128192,
        5128192,
        5128192,
        5128192,
        5128192
      ],
      "exit_codes": [
        1,
        1,
        1,
        1,
        1,
        1,
        1,
        1,
        1,
        1,
        1,
        1
      ]
    }
  ]
}
