{
  "results": [
    {
      "command": "diff json",
      "mean": 0.012308958166666668,
      "stddev": 0.0004304053851115954,
      "median": 0.012205812,
      "user": 0.00390675,
      "system": 0.0050251666666666665,
      "min": 0.011874584,
      "max": 0.013544667000000002,
      "times": [
        0.012303916000000002,
        0.012092750000000001,
        0.012252166,
        0.012062166000000001,
        0.012024417,
        0.011874584,
        0.012159458000000001,
        0.012123708,
        0.012308833,
        0.012566291,
        0.013544667000000002,
        0.012394542000000001
      ],
      "memory_usage_byte": [
        5128192,
        5128192,
        5128192,
        5128192,
        5128192,
        5128192,
        5128192,
        5128192,
        5128192,
        5128192,
        5128192,
        5128192
      ],
      "exit_codes": [
        0,
        0,
        0,
        0,
        0,
        0,
        0,
        0,
        0,
        0,
        0,
        0
      ]
    },
    {
      "command": "comment markdown",
      "mean": 0.024258357833333338,
      "stddev": 0.0002849189059679436,
      "median": 0.024206938,
      "user": 0.011484166666666665,
      "system": 0.008620583333333333,
      "min": 0.02374425,
      "max": 0.024699125000000002,
      "times": [
        0.024062084,
        0.024435583,
        0.024208209,
        0.024684458000000003,
        0.024699125000000002,
        0.024205667,
        0.024406,
        0.02374425,
        0.024041709,
        0.024022958,
        0.024454417000000003,
        0.024135834000000002
      ],
      "memory_usage_byte": [
        22855680,
        22855680,
        22855680,
        22855680,
        22855680,
        22855680,
        22855680,
        22855680,
        22855680,
        22855680,
        22855680,
        22855680
      ],
      "exit_codes": [
        0,
        0,
        0,
        0,
        0,
        0,
        0,
        0,
        0,
        0,
        0,
        0
      ]
    },
    {
      "command": "annotate sarif",
      "mean": 0.024074777833333335,
      "stddev": 0.00019128783449215214,
      "median": 0.023986563000000002,
      "user": 0.011446749999999999,
      "system": 0.008550333333333335,
      "min": 0.02382325,
      "max": 0.024402292000000003,
      "times": [
        0.023868208000000002,
        0.023988167,
        0.024402292000000003,
        0.024118333000000002,
        0.023984959,
        0.024289042,
        0.023949583,
        0.024143125,
        0.023984333,
        0.02382325,
        0.024370625,
        0.023975417000000002
      ],
      "memory_usage_byte": [
        23085056,
        23085056,
        23085056,
        23085056,
        23085056,
        23085056,
        23085056,
        23085056,
        23085056,
        23134208,
        23134208,
        23134208
      ],
      "exit_codes": [
        0,
        0,
        0,
        0,
        0,
        0,
        0,
        0,
        0,
        0,
        0,
        0
      ]
    },
    {
      "command": "pr one-shot",
      "mean": 0.024500986250000006,
      "stddev": 0.0006057523292483823,
      "median": 0.024346,
      "user": 0.011621166666666667,
      "system": 0.008676416666666667,
      "min": 0.023925542,
      "max": 0.026009,
      "times": [
        0.024604666,
        0.023992417000000002,
        0.024268500000000002,
        0.02425425,
        0.024518542,
        0.0244235,
        0.023925542,
        0.024187417000000003,
        0.024445667,
        0.026009,
        0.025349459,
        0.024032875000000002
      ],
      "memory_usage_byte": [
        23166976,
        23166976,
        23166976,
        23166976,
        23166976,
        23166976,
        23166976,
        23166976,
        23166976,
        23166976,
        23166976,
        23166976
      ],
      "exit_codes": [
        0,
        0,
        0,
        0,
        0,
        0,
        0,
        0,
        0,
        0,
        0,
        0
      ]
    }
  ]
}
