{
  "results": [
    {
      "command": "doctor json",
      "mean": 0.08298776391666667,
      "stddev": 0.0016224657449313753,
      "median": 0.0832466255,
      "user": 0.04175233333333333,
      "system": 0.025377749999999994,
      "min": 0.080240875,
      "max": 0.086370125,
      "times": [
        0.083117834,
        0.080240875,
        0.08343470800000001,
        0.083663125,
        0.08385437500000001,
        0.08063754100000001,
        0.082695875,
        0.081561333,
        0.083853417,
        0.086370125,
        0.08337541700000001,
        0.083048542
      ],
      "memory_usage_byte": [
        77381632,
        77381632,
        77381632,
        77381632,
        77381632,
        77381632,
        78823424,
        78823424,
        78823424,
        78823424,
        78823424,
        78823424
      ],
      "exit_codes": [
        0,
        0,
        0,
        0,
        0,
        0,
        0,
        0,
        0,
        0,
        0,
        0
      ]
    },
    {
      "command": "map-paths learn",
      "mean": 0.06631311791666666,
      "stddev": 0.001174884555667062,
      "median": 0.066043083,
      "user": 0.035839333333333334,
      "system": 0.017915083333333335,
      "min": 0.06450620900000001,
      "max": 0.06821695900000001,
      "times": [
        0.06511133300000001,
        0.06604541600000001,
        0.065733041,
        0.06450620900000001,
        0.065904166,
        0.06647325,
        0.066489083,
        0.06604075000000001,
        0.06821695900000001,
        0.06536987500000001,
        0.067963875,
        0.067903458
      ],
      "memory_usage_byte": [
        78823424,
        78823424,
        78823424,
        78823424,
        78823424,
        78823424,
        78823424,
        78823424,
        78823424,
        78823424,
        78823424,
        78823424
      ],
      "exit_codes": [
        0,
        0,
        0,
        0,
        0,
        0,
        0,
        0,
        0,
        0,
        0,
        0
      ]
    },
    {
      "command": "map-paths explain",
      "mean": 0.060877111000000005,
      "stddev": 0.0008840146358645462,
      "median": 0.061193645500000005,
      "user": 0.03400466666666666,
      "system": 0.015638916666666666,
      "min": 0.059261917000000004,
      "max": 0.061746792,
      "times": [
        0.06172275000000001,
        0.060321583000000005,
        0.061142125000000005,
        0.059261917000000004,
        0.061717875000000005,
        0.061357292,
        0.061746792,
        0.05951054200000001,
        0.06007229100000001,
        0.060811833,
        0.061245166000000004,
        0.061615166000000006
      ],
      "memory_usage_byte": [
        78823424,
        78823424,
        78823424,
        78823424,
        78823424,
        78823424,
        78823424,
        78823424,
        78823424,
        78823424,
        78823424,
        78823424
      ],
      "exit_codes": [
        0,
        0,
        0,
        0,
        0,
        0,
        0,
        0,
        0,
        0,
        0,
        0
      ]
    }
  ]
}
