{
  "results": [
    {
      "command": "testmap build",
      "mean": 0.8209914655,
      "stddev": 0.0028070103294286393,
      "median": 0.8210388755,
      "user": 0.2660766666666667,
      "system": 0.3519299999999999,
      "min": 0.816975917,
      "max": 0.8246278330000001,
      "times": [
        0.8246278330000001,
        0.822924667,
        0.8193426250000001,
        0.819699417,
        0.816975917,
        0.822378334
      ],
      "memory_usage_byte": [
        5242880,
        5242880,
        5242880,
        5242880,
        5242880,
        5242880
      ],
      "exit_codes": [
        0,
        0,
        0,
        0,
        0,
        0
      ]
    },
    {
      "command": "impact record",
      "mean": 0.8270005971666667,
      "stddev": 0.006505299030044962,
      "median": 0.8251689165,
      "user": 0.2683868333333333,
      "system": 0.35129666666666665,
      "min": 0.822328083,
      "max": 0.8398592920000001,
      "times": [
        0.8229038750000001,
        0.8265745000000001,
        0.8257777500000001,
        0.8398592920000001,
        0.822328083,
        0.824560083
      ],
      "memory_usage_byte": [
        5603328,
        5603328,
        5603328,
        5603328,
        5603328,
        5603328
      ],
      "exit_codes": [
        0,
        0,
        0,
        0,
        0,
        0
      ]
    },
    {
      "command": "impact plan",
      "mean": 0.008122312333333334,
      "stddev": 0.00007902192590583092,
      "median": 0.008119917,
      "user": 0.0027316666666666665,
      "system": 0.0032315,
      "min": 0.008017416000000001,
      "max": 0.008234833,
      "times": [
        0.008059875000000001,
        0.008017416000000001,
        0.008126834000000001,
        0.008181916000000001,
        0.008113,
        0.008234833
      ],
      "memory_usage_byte": [
        5603328,
        5603328,
        5603328,
        5603328,
        5603328,
        5603328
      ],
      "exit_codes": [
        0,
        0,
        0,
        0,
        0,
        0
      ]
    }
  ]
}
