{
  "results": [
    {
      "command": "shard plan",
      "mean": 0.003012482666666667,
      "stddev": 0.00013574713589433542,
      "median": 0.0029688125,
      "user": 0.0008924166666666667,
      "system": 0.0012160833333333331,
      "min": 0.002825291,
      "max": 0.0032405840000000003,
      "times": [
        0.002825291,
        0.002903042,
        0.0029546660000000003,
        0.0029455,
        0.0029829590000000003,
        0.002872542,
        0.0030600830000000003,
        0.0032405840000000003,
        0.0030365,
        0.003153958,
        0.0032310420000000004,
        0.002943625
      ],
      "memory_usage_byte": [
        4227072,
        4227072,
        4227072,
        4227072,
        4227072,
        4227072,
        4227072,
        4227072,
        4227072,
        4227072,
        4227072,
        4227072
      ],
      "exit_codes": [
        0,
        0,
        0,
        0,
        0,
        0,
        0,
        0,
        0,
        0,
        0,
        0
      ]
    },
    {
      "command": "merge 8+8 shards",
      "mean": 0.003230583083333334,
      "stddev": 0.00014670080025527433,
      "median": 0.0031985415,
      "user": 0.0008909999999999999,
      "system": 0.0012727500000000002,
      "min": 0.002966083,
      "max": 0.0035367080000000004,
      "times": [
        0.002966083,
        0.003170833,
        0.003209125,
        0.0030955830000000003,
        0.003198167,
        0.0035367080000000004,
        0.0033488750000000003,
        0.0032764160000000003,
        0.0031781250000000004,
        0.003398583,
        0.003189583,
        0.003198916
      ],
      "memory_usage_byte": [
        4227072,
        4227072,
        4227072,
        4227072,
        4227072,
        4227072,
        4227072,
        4227072,
        4227072,
        4407296,
        4407296,
        4407296
      ],
      "exit_codes": [
        0,
        0,
        0,
        0,
        0,
        0,
        0,
        0,
        0,
        0,
        0,
        0
      ]
    }
  ]
}
