{
  "results": [
    {
      "command": "version",
      "mean": 0.0020565,
      "stddev": null,
      "median": 0.0020565,
      "user": 0.000792,
      "system": 0.000633,
      "min": 0.0020565,
      "max": 0.0020565,
      "times": [
        0.0020565
      ],
      "memory_usage_byte": [
        2965504
      ],
      "exit_codes": [
        0
      ]
    },
    {
      "command": "help",
      "mean": 0.002187875,
      "stddev": null,
      "median": 0.002187875,
      "user": 0.000848,
      "system": 0.0006389999999999999,
      "min": 0.002187875,
      "max": 0.002187875,
      "times": [
        0.002187875
      ],
      "memory_usage_byte": [
        3063808
      ],
      "exit_codes": [
        0
      ]
    }
  ]
}
