{
  "results": [
    {
      "command": "lcov 100k",
      "mean": 0.010222917000000002,
      "stddev": null,
      "median": 0.010222917000000002,
      "user": 0.006094,
      "system": 0.002568,
      "min": 0.010222917000000002,
      "max": 0.010222917000000002,
      "times": [
        0.010222917000000002
      ],
      "memory_usage_byte": [
        5373952
      ],
      "exit_codes": [
        0
      ]
    },
    {
      "command": "lcov 1m",
      "mean": 0.051252417,
      "stddev": null,
      "median": 0.051252417,
      "user": 0.043727999999999996,
      "system": 0.004371,
      "min": 0.051252417,
      "max": 0.051252417,
      "times": [
        0.051252417
      ],
      "memory_usage_byte": [
        17498112
      ],
      "exit_codes": [
        0
      ]
    },
    {
      "command": "sarif 50k",
      "mean": 0.083078792,
      "stddev": null,
      "median": 0.083078792,
      "user": 0.059102999999999996,
      "system": 0.017589999999999998,
      "min": 0.083078792,
      "max": 0.083078792,
      "times": [
        0.083078792
      ],
      "memory_usage_byte": [
        80461824
      ],
      "exit_codes": [
        0
      ]
    },
    {
      "command": "sarif 200k",
      "mean": 0.291981333,
      "stddev": null,
      "median": 0.291981333,
      "user": 0.24042899999999998,
      "system": 0.042182,
      "min": 0.291981333,
      "max": 0.291981333,
      "times": [
        0.291981333
      ],
      "memory_usage_byte": [
        297451520
      ],
      "exit_codes": [
        0
      ]
    }
  ]
}
