{
  "results": [
    {
      "command": "report terminal",
      "mean": 0.004445583,
      "stddev": null,
      "median": 0.004445583,
      "user": 0.0008529999999999999,
      "system": 0.00114,
      "min": 0.004445583,
      "max": 0.004445583,
      "times": [
        0.004445583
      ],
      "memory_usage_byte": [
        4341760
      ],
      "exit_codes": [
        0
      ]
    },
    {
      "command": "report json",
      "mean": 0.0029226670000000003,
      "stddev": null,
      "median": 0.0029226670000000003,
      "user": 0.001238,
      "system": 0.0008259999999999999,
      "min": 0.0029226670000000003,
      "max": 0.0029226670000000003,
      "times": [
        0.0029226670000000003
      ],
      "memory_usage_byte": [
        5013504
      ],
      "exit_codes": [
        0
      ]
    },
    {
      "command": "report below 80 json",
      "mean": 0.002287833,
      "stddev": null,
      "median": 0.002287833,
      "user": 0.000819,
      "system": 0.000823,
      "min": 0.002287833,
      "max": 0.002287833,
      "times": [
        0.002287833
      ],
      "memory_usage_byte": [
        5013504
      ],
      "exit_codes": [
        0
      ]
    },
    {
      "command": "report summary-only json",
      "mean": 0.0031983330000000003,
      "stddev": null,
      "median": 0.0031983330000000003,
      "user": 0.000819,
      "system": 0.0012929999999999999,
      "min": 0.0031983330000000003,
      "max": 0.0031983330000000003,
      "times": [
        0.0031983330000000003
      ],
      "memory_usage_byte": [
        5013504
      ],
      "exit_codes": [
        0
      ]
    }
  ]
}
