{
  "results": [
    {
      "command": "coverage only",
      "mean": 0.012040750000000001,
      "stddev": null,
      "median": 0.012040750000000001,
      "user": 0.004042,
      "system": 0.0047139999999999994,
      "min": 0.012040750000000001,
      "max": 0.012040750000000001,
      "times": [
        0.012040750000000001
      ],
      "memory_usage_byte": [
        5423104
      ],
      "exit_codes": [
        0
      ]
    },
    {
      "command": "cached issues state",
      "mean": 0.0179775,
      "stddev": null,
      "median": 0.0179775,
      "user": 0.004071,
      "system": 0.004692,
      "min": 0.0179775,
      "max": 0.0179775,
      "times": [
        0.0179775
      ],
      "memory_usage_byte": [
        5423104
      ],
      "exit_codes": [
        0
      ]
    },
    {
      "command": "parse issues each run",
      "mean": 0.01572525,
      "stddev": null,
      "median": 0.01572525,
      "user": 0.005638,
      "system": 0.008025,
      "min": 0.01572525,
      "max": 0.01572525,
      "times": [
        0.01572525
      ],
      "memory_usage_byte": [
        5652480
      ],
      "exit_codes": [
        0
      ]
    }
  ]
}
