{
  "results": [
    {
      "command": "doctor json",
      "mean": 0.087908791,
      "stddev": null,
      "median": 0.087908791,
      "user": 0.041507999999999996,
      "system": 0.024177999999999998,
      "min": 0.087908791,
      "max": 0.087908791,
      "times": [
        0.087908791
      ],
      "memory_usage_byte": [
        77545472
      ],
      "exit_codes": [
        0
      ]
    },
    {
      "command": "map-paths learn",
      "mean": 0.06499450000000001,
      "stddev": null,
      "median": 0.06499450000000001,
      "user": 0.035726,
      "system": 0.017103999999999998,
      "min": 0.06499450000000001,
      "max": 0.06499450000000001,
      "times": [
        0.06499450000000001
      ],
      "memory_usage_byte": [
        77545472
      ],
      "exit_codes": [
        0
      ]
    },
    {
      "command": "map-paths explain",
      "mean": 0.060508208,
      "stddev": null,
      "median": 0.060508208,
      "user": 0.033981,
      "system": 0.015456999999999999,
      "min": 0.060508208,
      "max": 0.060508208,
      "times": [
        0.060508208
      ],
      "memory_usage_byte": [
        77545472
      ],
      "exit_codes": [
        0
      ]
    }
  ]
}
