{
  "results": [
    {
      "command": "shard plan",
      "mean": 0.0037912910000000005,
      "stddev": null,
      "median": 0.0037912910000000005,
      "user": 0.000914,
      "system": 0.001334,
      "min": 0.0037912910000000005,
      "max": 0.0037912910000000005,
      "times": [
        0.0037912910000000005
      ],
      "memory_usage_byte": [
        4210688
      ],
      "exit_codes": [
        0
      ]
    },
    {
      "command": "merge 8+8 shards",
      "mean": 0.0032470420000000003,
      "stddev": null,
      "median": 0.0032470420000000003,
      "user": 0.0009159999999999999,
      "system": 0.00131,
      "min": 0.0032470420000000003,
      "max": 0.0032470420000000003,
      "times": [
        0.0032470420000000003
      ],
      "memory_usage_byte": [
        4440064
      ],
      "exit_codes": [
        0
      ]
    }
  ]
}
