{
  "results": [
    {
      "command": "version",
      "mean": 0.0019772500000000003,
      "stddev": null,
      "median": 0.0019772500000000003,
      "user": 0.000767,
      "system": 0.000536,
      "min": 0.0019772500000000003,
      "max": 0.0019772500000000003,
      "times": [
        0.0019772500000000003
      ],
      "memory_usage_byte": [
        2965504
      ],
      "exit_codes": [
        0
      ]
    },
    {
      "command": "help",
      "mean": 0.001983542,
      "stddev": null,
      "median": 0.001983542,
      "user": 0.0008129999999999999,
      "system": 0.000565,
      "min": 0.001983542,
      "max": 0.001983542,
      "times": [
        0.001983542
      ],
      "memory_usage_byte": [
        3063808
      ],
      "exit_codes": [
        0
      ]
    }
  ]
}
