{
  "results": [
    {
      "command": "lcov 100k",
      "mean": 0.010595084000000001,
      "stddev": null,
      "median": 0.010595084000000001,
      "user": 0.006272,
      "system": 0.003068,
      "min": 0.010595084000000001,
      "max": 0.010595084000000001,
      "times": [
        0.010595084000000001
      ],
      "memory_usage_byte": [
        5652480
      ],
      "exit_codes": [
        0
      ]
    },
    {
      "command": "lcov 1m",
      "mean": 0.054769375,
      "stddev": null,
      "median": 0.054769375,
      "user": 0.047014,
      "system": 0.004572,
      "min": 0.054769375,
      "max": 0.054769375,
      "times": [
        0.054769375
      ],
      "memory_usage_byte": [
        17252352
      ],
      "exit_codes": [
        0
      ]
    },
    {
      "command": "sarif 50k",
      "mean": 0.08352504100000001,
      "stddev": null,
      "median": 0.08352504100000001,
      "user": 0.057977999999999995,
      "system": 0.017641999999999998,
      "min": 0.08352504100000001,
      "max": 0.08352504100000001,
      "times": [
        0.08352504100000001
      ],
      "memory_usage_byte": [
        80494592
      ],
      "exit_codes": [
        0
      ]
    },
    {
      "command": "sarif 200k",
      "mean": 0.28940929200000004,
      "stddev": null,
      "median": 0.28940929200000004,
      "user": 0.23691099999999998,
      "system": 0.044848,
      "min": 0.28940929200000004,
      "max": 0.28940929200000004,
      "times": [
        0.28940929200000004
      ],
      "memory_usage_byte": [
        283328512
      ],
      "exit_codes": [
        0
      ]
    }
  ]
}
