{
  "results": [
    {
      "command": "report terminal",
      "mean": 0.0037678330000000004,
      "stddev": null,
      "median": 0.0037678330000000004,
      "user": 0.0008719999999999999,
      "system": 0.0010299999999999999,
      "min": 0.0037678330000000004,
      "max": 0.0037678330000000004,
      "times": [
        0.0037678330000000004
      ],
      "memory_usage_byte": [
        4341760
      ],
      "exit_codes": [
        0
      ]
    },
    {
      "command": "report json",
      "mean": 0.0028,
      "stddev": null,
      "median": 0.0028,
      "user": 0.001271,
      "system": 0.000842,
      "min": 0.0028,
      "max": 0.0028,
      "times": [
        0.0028
      ],
      "memory_usage_byte": [
        5013504
      ],
      "exit_codes": [
        0
      ]
    },
    {
      "command": "report below 80 json",
      "mean": 0.002239458,
      "stddev": null,
      "median": 0.002239458,
      "user": 0.000807,
      "system": 0.000749,
      "min": 0.002239458,
      "max": 0.002239458,
      "times": [
        0.002239458
      ],
      "memory_usage_byte": [
        5013504
      ],
      "exit_codes": [
        0
      ]
    },
    {
      "command": "report summary-only json",
      "mean": 0.002272708,
      "stddev": null,
      "median": 0.002272708,
      "user": 0.000807,
      "system": 0.000789,
      "min": 0.002272708,
      "max": 0.002272708,
      "times": [
        0.002272708
      ],
      "memory_usage_byte": [
        5013504
      ],
      "exit_codes": [
        0
      ]
    }
  ]
}
