{
  "results": [
    {
      "command": "coverage only",
      "mean": 0.01219975,
      "stddev": null,
      "median": 0.01219975,
      "user": 0.004091,
      "system": 0.004739,
      "min": 0.01219975,
      "max": 0.01219975,
      "times": [
        0.01219975
      ],
      "memory_usage_byte": [
        5521408
      ],
      "exit_codes": [
        0
      ]
    },
    {
      "command": "cached issues state",
      "mean": 0.026133834,
      "stddev": null,
      "median": 0.026133834,
      "user": 0.004128,
      "system": 0.004862,
      "min": 0.026133834,
      "max": 0.026133834,
      "times": [
        0.026133834
      ],
      "memory_usage_byte": [
        5521408
      ],
      "exit_codes": [
        0
      ]
    },
    {
      "command": "parse issues each run",
      "mean": 0.016299333000000003,
      "stddev": null,
      "median": 0.016299333000000003,
      "user": 0.0057399999999999994,
      "system": 0.008263,
      "min": 0.016299333000000003,
      "max": 0.016299333000000003,
      "times": [
        0.016299333000000003
      ],
      "memory_usage_byte": [
        5668864
      ],
      "exit_codes": [
        0
      ]
    }
  ]
}
