{
  "results": [
    {
      "command": "fail-under-total 101",
      "mean": 0.011639083000000001,
      "stddev": null,
      "median": 0.011639083000000001,
      "user": 0.003999,
      "system": 0.004751,
      "min": 0.011639083000000001,
      "max": 0.011639083000000001,
      "times": [
        0.011639083000000001
      ],
      "memory_usage_byte": [
        5128192
      ],
      "exit_codes": [
        1
      ]
    }
  ]
}
