{
  "results": [
    {
      "command": "diff json",
      "mean": 0.014152625,
      "stddev": null,
      "median": 0.014152625,
      "user": 0.00406,
      "system": 0.004813,
      "min": 0.014152625,
      "max": 0.014152625,
      "times": [
        0.014152625
      ],
      "memory_usage_byte": [
        5128192
      ],
      "exit_codes": [
        0
      ]
    },
    {
      "command": "comment markdown",
      "mean": 0.023323167000000002,
      "stddev": null,
      "median": 0.023323167000000002,
      "user": 0.011497,
      "system": 0.008027,
      "min": 0.023323167000000002,
      "max": 0.023323167000000002,
      "times": [
        0.023323167000000002
      ],
      "memory_usage_byte": [
        22855680
      ],
      "exit_codes": [
        0
      ]
    },
    {
      "command": "annotate sarif",
      "mean": 0.023582375000000003,
      "stddev": null,
      "median": 0.023582375000000003,
      "user": 0.011696999999999999,
      "system": 0.008043,
      "min": 0.023582375000000003,
      "max": 0.023582375000000003,
      "times": [
        0.023582375000000003
      ],
      "memory_usage_byte": [
        22970368
      ],
      "exit_codes": [
        0
      ]
    },
    {
      "command": "pr one-shot",
      "mean": 0.024119333000000003,
      "stddev": null,
      "median": 0.024119333000000003,
      "user": 0.011970999999999999,
      "system": 0.008154,
      "min": 0.024119333000000003,
      "max": 0.024119333000000003,
      "times": [
        0.024119333000000003
      ],
      "memory_usage_byte": [
        23052288
      ],
      "exit_codes": [
        0
      ]
    }
  ]
}
