{
  "results": [
    {
      "command": "doctor json",
      "mean": 0.089284917,
      "stddev": null,
      "median": 0.089284917,
      "user": 0.041846,
      "system": 0.025314999999999997,
      "min": 0.089284917,
      "max": 0.089284917,
      "times": [
        0.089284917
      ],
      "memory_usage_byte": [
        77856768
      ],
      "exit_codes": [
        0
      ]
    },
    {
      "command": "map-paths learn",
      "mean": 0.065139084,
      "stddev": null,
      "median": 0.065139084,
      "user": 0.035573,
      "system": 0.017102,
      "min": 0.065139084,
      "max": 0.065139084,
      "times": [
        0.065139084
      ],
      "memory_usage_byte": [
        77856768
      ],
      "exit_codes": [
        0
      ]
    },
    {
      "command": "map-paths explain",
      "mean": 0.059690417,
      "stddev": null,
      "median": 0.059690417,
      "user": 0.034066,
      "system": 0.015281999999999999,
      "min": 0.059690417,
      "max": 0.059690417,
      "times": [
        0.059690417
      ],
      "memory_usage_byte": [
        77856768
      ],
      "exit_codes": [
        0
      ]
    }
  ]
}
