{
  "results": [
    {
      "command": "version",
      "mean": 0.002153625,
      "stddev": null,
      "median": 0.002153625,
      "user": 0.0007859999999999999,
      "system": 0.000597,
      "min": 0.002153625,
      "max": 0.002153625,
      "times": [
        0.002153625
      ],
      "memory_usage_byte": [
        2965504
      ],
      "exit_codes": [
        0
      ]
    },
    {
      "command": "help",
      "mean": 0.0020410000000000003,
      "stddev": null,
      "median": 0.0020410000000000003,
      "user": 0.000801,
      "system": 0.000571,
      "min": 0.0020410000000000003,
      "max": 0.0020410000000000003,
      "times": [
        0.0020410000000000003
      ],
      "memory_usage_byte": [
        3063808
      ],
      "exit_codes": [
        0
      ]
    }
  ]
}
