{
  "results": [
    {
      "command": "lcov 100k",
      "mean": 0.010833709,
      "stddev": null,
      "median": 0.010833709,
      "user": 0.006442,
      "system": 0.0027819999999999998,
      "min": 0.010833709,
      "max": 0.010833709,
      "times": [
        0.010833709
      ],
      "memory_usage_byte": [
        5685248
      ],
      "exit_codes": [
        0
      ]
    },
    {
      "command": "lcov 1m",
      "mean": 0.053709042000000005,
      "stddev": null,
      "median": 0.053709042000000005,
      "user": 0.045,
      "system": 0.005252,
      "min": 0.053709042000000005,
      "max": 0.053709042000000005,
      "times": [
        0.053709042000000005
      ],
      "memory_usage_byte": [
        17285120
      ],
      "exit_codes": [
        0
      ]
    },
    {
      "command": "sarif 50k",
      "mean": 0.080294458,
      "stddev": null,
      "median": 0.080294458,
      "user": 0.058322,
      "system": 0.017360999999999998,
      "min": 0.080294458,
      "max": 0.080294458,
      "times": [
        0.080294458
      ],
      "memory_usage_byte": [
        80510976
      ],
      "exit_codes": [
        0
      ]
    },
    {
      "command": "sarif 200k",
      "mean": 0.29333595900000003,
      "stddev": null,
      "median": 0.29333595900000003,
      "user": 0.23872,
      "system": 0.044219,
      "min": 0.29333595900000003,
      "max": 0.29333595900000003,
      "times": [
        0.29333595900000003
      ],
      "memory_usage_byte": [
        295583744
      ],
      "exit_codes": [
        0
      ]
    }
  ]
}
