{
  "results": [
    {
      "command": "coverage only",
      "mean": 0.012002042000000001,
      "stddev": null,
      "median": 0.012002042000000001,
      "user": 0.004049,
      "system": 0.004761,
      "min": 0.012002042000000001,
      "max": 0.012002042000000001,
      "times": [
        0.012002042000000001
      ],
      "memory_usage_byte": [
        5226496
      ],
      "exit_codes": [
        0
      ]
    },
    {
      "command": "cached issues state",
      "mean": 0.018302500000000003,
      "stddev": null,
      "median": 0.018302500000000003,
      "user": 0.00399,
      "system": 0.004789,
      "min": 0.018302500000000003,
      "max": 0.018302500000000003,
      "times": [
        0.018302500000000003
      ],
      "memory_usage_byte": [
        5226496
      ],
      "exit_codes": [
        0
      ]
    },
    {
      "command": "parse issues each run",
      "mean": 0.017156709000000003,
      "stddev": null,
      "median": 0.017156709000000003,
      "user": 0.005873,
      "system": 0.008791,
      "min": 0.017156709000000003,
      "max": 0.017156709000000003,
      "times": [
        0.017156709000000003
      ],
      "memory_usage_byte": [
        5668864
      ],
      "exit_codes": [
        0
      ]
    }
  ]
}
