{
  "results": [
    {
      "command": "fail-under-total 101",
      "mean": 0.01205875,
      "stddev": null,
      "median": 0.01205875,
      "user": 0.004072,
      "system": 0.004889,
      "min": 0.01205875,
      "max": 0.01205875,
      "times": [
        0.01205875
      ],
      "memory_usage_byte": [
        5128192
      ],
      "exit_codes": [
        1
      ]
    }
  ]
}
