{
  "results": [
    {
      "command": "diff json",
      "mean": 0.014658958000000001,
      "stddev": null,
      "median": 0.014658958000000001,
      "user": 0.004118,
      "system": 0.005299,
      "min": 0.014658958000000001,
      "max": 0.014658958000000001,
      "times": [
        0.014658958000000001
      ],
      "memory_usage_byte": [
        5128192
      ],
      "exit_codes": [
        0
      ]
    },
    {
      "command": "comment markdown",
      "mean": 0.023531958000000002,
      "stddev": null,
      "median": 0.023531958000000002,
      "user": 0.011432,
      "system": 0.008135,
      "min": 0.023531958000000002,
      "max": 0.023531958000000002,
      "times": [
        0.023531958000000002
      ],
      "memory_usage_byte": [
        22691840
      ],
      "exit_codes": [
        0
      ]
    },
    {
      "command": "annotate sarif",
      "mean": 0.023974375000000003,
      "stddev": null,
      "median": 0.023974375000000003,
      "user": 0.011562,
      "system": 0.00835,
      "min": 0.023974375000000003,
      "max": 0.023974375000000003,
      "times": [
        0.023974375000000003
      ],
      "memory_usage_byte": [
        23101440
      ],
      "exit_codes": [
        0
      ]
    },
    {
      "command": "pr one-shot",
      "mean": 0.023809542000000003,
      "stddev": null,
      "median": 0.023809542000000003,
      "user": 0.011590999999999999,
      "system": 0.008327,
      "min": 0.023809542000000003,
      "max": 0.023809542000000003,
      "times": [
        0.023809542000000003
      ],
      "memory_usage_byte": [
        23101440
      ],
      "exit_codes": [
        0
      ]
    }
  ]
}
