{
  "results": [
    {
      "command": "version",
      "mean": 0.0019873937000000003,
      "stddev": 0.00005263592647222499,
      "median": 0.0019771665000000004,
      "user": 0.000743,
      "system": 0.00057885,
      "min": 0.0019080420000000002,
      "max": 0.00209725,
      "times": [
        0.00209725,
        0.002047292,
        0.0020492500000000003,
        0.0020813330000000003,
        0.0020005830000000002,
        0.002001291,
        0.001968084,
        0.002007333,
        0.0019462090000000002,
        0.0019080420000000002,
        0.001918708,
        0.0019313750000000001,
        0.001974333,
        0.00192,
        0.0019750830000000003,
        0.0019615410000000002,
        0.0019695000000000003,
        0.00198625,
        0.00197925,
        0.002025167
      ],
      "memory_usage_byte": [
        2981888,
        2981888,
        2981888,
        2981888,
        2981888,
        2981888,
        2981888,
        2981888,
        2981888,
        2981888,
        2981888,
        2981888,
        2981888,
        2981888,
        2981888,
        2981888,
        2981888,
        2981888,
        2981888,
        2981888
      ],
      "exit_codes": [
        0,
        0,
        0,
        0,
        0,
        0,
        0,
        0,
        0,
        0,
        0,
        0,
        0,
        0,
        0,
        0,
        0,
        0,
        0,
        0
      ]
    },
    {
      "command": "help",
      "mean": 0.0020921812500000006,
      "stddev": 0.000052019749840426226,
      "median": 0.002098271,
      "user": 0.0007715500000000002,
      "system": 0.0006082499999999998,
      "min": 0.0020266670000000002,
      "max": 0.002219167,
      "times": [
        0.0021142080000000002,
        0.002146667,
        0.002050208,
        0.002106375,
        0.0020531250000000003,
        0.002099833,
        0.0020305,
        0.002128292,
        0.002133583,
        0.002219167,
        0.002045958,
        0.002100125,
        0.0020526660000000003,
        0.002096709,
        0.002177,
        0.0020266670000000002,
        0.002034375,
        0.002065417,
        0.00211225,
        0.0020505000000000002
      ],
      "memory_usage_byte": [
        3096576,
        3096576,
        3096576,
        3096576,
        3096576,
        3096576,
        3096576,
        3096576,
        3096576,
        3096576,
        3096576,
        3096576,
        3096576,
        3096576,
        3096576,
        3096576,
        3096576,
        3096576,
        3096576,
        3096576
      ],
      "exit_codes": [
        0,
        0,
        0,
        0,
        0,
        0,
        0,
        0,
        0,
        0,
        0,
        0,
        0,
        0,
        0,
        0,
        0,
        0,
        0,
        0
      ]
    }
  ]
}
