{
  "results": [
    {
      "command": "lcov",
      "mean": 0.006503194583333334,
      "stddev": 0.00026541110441058593,
      "median": 0.0065168125,
      "user": 0.002347083333333333,
      "system": 0.0026285,
      "min": 0.005891792000000001,
      "max": 0.006921167000000001,
      "times": [
        0.005891792000000001,
        0.006354792000000001,
        0.006921167000000001,
        0.006730042,
        0.006740833000000001,
        0.0063805830000000004,
        0.006479875,
        0.006559166000000001,
        0.006287292000000001,
        0.0065537500000000005,
        0.006470209,
        0.006668834
      ],
      "memory_usage_byte": [
        4440064,
        4440064,
        4440064,
        4440064,
        4440064,
        4440064,
        4440064,
        4440064,
        4472832,
        4472832,
        4472832,
        4472832
      ],
      "exit_codes": [
        0,
        0,
        0,
        0,
        0,
        0,
        0,
        0,
        0,
        0,
        0,
        0
      ]
    },
    {
      "command": "cobertura",
      "mean": 0.006556003583333333,
      "stddev": 0.00016953103899257355,
      "median": 0.0065262085,
      "user": 0.0023216666666666668,
      "system": 0.0027185833333333333,
      "min": 0.006304000000000001,
      "max": 0.006862375,
      "times": [
        0.006488209,
        0.0063715840000000004,
        0.006500667000000001,
        0.006712750000000001,
        0.006633167000000001,
        0.006304000000000001,
        0.006862375,
        0.006712333,
        0.006389041000000001,
        0.00655175,
        0.006702833,
        0.006443334
      ],
      "memory_usage_byte": [
        4472832,
        4472832,
        4472832,
        4472832,
        4472832,
        4472832,
        4472832,
        4472832,
        4472832,
        4472832,
        4472832,
        4472832
      ],
      "exit_codes": [
        0,
        0,
        0,
        0,
        0,
        0,
        0,
        0,
        0,
        0,
        0,
        0
      ]
    },
    {
      "command": "jacoco",
      "mean": 0.00671621875,
      "stddev": 0.0002839488704583417,
      "median": 0.006613375,
      "user": 0.0023162499999999997,
      "system": 0.0027851666666666663,
      "min": 0.006431875,
      "max": 0.007416459,
      "times": [
        0.006563375000000001,
        0.006531833000000001,
        0.006610625,
        0.0066161250000000005,
        0.006431875,
        0.006481917,
        0.006484625000000001,
        0.007416459,
        0.007024166,
        0.0067744170000000005,
        0.006781041000000001,
        0.006878167
      ],
      "memory_usage_byte": [
        4472832,
        4472832,
        4472832,
        4472832,
        4472832,
        4472832,
        4472832,
        4472832,
        4472832,
        4489216,
        4489216,
        4489216
      ],
      "exit_codes": [
        0,
        0,
        0,
        0,
        0,
        0,
        0,
        0,
        0,
        0,
        0,
        0
      ]
    },
    {
      "command": "gocov",
      "mean": 0.006899801833333334,
      "stddev": 0.00017481313529742318,
      "median": 0.006861645500000001,
      "user": 0.0024406666666666665,
      "system": 0.0028355833333333328,
      "min": 0.006709625,
      "max": 0.007225250000000001,
      "times": [
        0.0068577080000000006,
        0.007143791,
        0.007225250000000001,
        0.0067509580000000005,
        0.006734791,
        0.006865583000000001,
        0.006709625,
        0.00676575,
        0.006882083000000001,
        0.006964041000000001,
        0.007114792000000001,
        0.00678325
      ],
      "memory_usage_byte": [
        5390336,
        5390336,
        5423104,
        5423104,
        5423104,
        5423104,
        5423104,
        5423104,
        5423104,
        5423104,
        5423104,
        5423104
      ],
      "exit_codes": [
        0,
        0,
        0,
        0,
        0,
        0,
        0,
        0,
        0,
        0,
        0,
        0
      ]
    },
    {
      "command": "llvm-cov",
      "mean": 0.006527611083333333,
      "stddev": 0.00020239557517282307,
      "median": 0.006510041500000001,
      "user": 0.0023140833333333334,
      "system": 0.0026984166666666667,
      "min": 0.00625875,
      "max": 0.006870041,
      "times": [
        0.006295209,
        0.00673475,
        0.006383333000000001,
        0.006666541000000001,
        0.006299208000000001,
        0.006417667,
        0.00625875,
        0.0067111670000000005,
        0.006674584000000001,
        0.0064661250000000005,
        0.006870041,
        0.006553958
      ],
      "memory_usage_byte": [
        5423104,
        5423104,
        5423104,
        5423104,
        5423104,
        5423104,
        5423104,
        5423104,
        5423104,
        5423104,
        5423104,
        5423104
      ],
      "exit_codes": [
        0,
        0,
        0,
        0,
        0,
        0,
        0,
        0,
        0,
        0,
        0,
        0
      ]
    }
  ]
}
