{
  "results": [
    {
      "command": "lcov 100k",
      "mean": 0.010724451333333334,
      "stddev": 0.00018778995958747792,
      "median": 0.010738604,
      "user": 0.006153166666666667,
      "system": 0.002901833333333333,
      "min": 0.010427042000000001,
      "max": 0.010990833,
      "times": [
        0.010990833,
        0.010816667,
        0.010738125000000001,
        0.010634958,
        0.010739083,
        0.010427042000000001
      ],
      "memory_usage_byte": [
        5406720,
        5701632,
        5701632,
        5701632,
        5701632,
        5701632
      ],
      "exit_codes": [
        0,
        0,
        0,
        0,
        0,
        0
      ]
    },
    {
      "command": "lcov 1m",
      "mean": 0.05430026416666667,
      "stddev": 0.0009408786357994148,
      "median": 0.0542361255,
      "user": 0.04638333333333333,
      "system": 0.0045685,
      "min": 0.053235917,
      "max": 0.055740000000000005,
      "times": [
        0.054320334000000005,
        0.055740000000000005,
        0.053235917,
        0.054151917,
        0.053412625000000005,
        0.054940792
      ],
      "memory_usage_byte": [
        17547264,
        17547264,
        17547264,
        17547264,
        17547264,
        17547264
      ],
      "exit_codes": [
        0,
        0,
        0,
        0,
        0,
        0
      ]
    },
    {
      "command": "sarif 50k",
      "mean": 0.0830789375,
      "stddev": 0.0016928703388751029,
      "median": 0.0834170625,
      "user": 0.059014000000000004,
      "system": 0.01804883333333333,
      "min": 0.08088983300000001,
      "max": 0.08487762500000001,
      "times": [
        0.08288962500000001,
        0.08088983300000001,
        0.0839445,
        0.081281375,
        0.08459066700000001,
        0.08487762500000001
      ],
      "memory_usage_byte": [
        80543744,
        80543744,
        80543744,
        86081536,
        86081536,
        86081536
      ],
      "exit_codes": [
        0,
        0,
        0,
        0,
        0,
        0
      ]
    },
    {
      "command": "sarif 200k",
      "mean": 0.2948486593333333,
      "stddev": 0.003993784190854116,
      "median": 0.29419039550000003,
      "user": 0.2422923333333333,
      "system": 0.04445166666666667,
      "min": 0.29027175,
      "max": 0.300743333,
      "times": [
        0.29027175,
        0.300743333,
        0.291921541,
        0.297774541,
        0.292449583,
        0.295931208
      ],
      "memory_usage_byte": [
        275824640,
        292208640,
        292208640,
        292208640,
        292208640,
        292208640
      ],
      "exit_codes": [
        0,
        0,
        0,
        0,
        0,
        0
      ]
    }
  ]
}
