{
  "results": [
    {
      "command": "report terminal",
      "mean": 0.0025519029166666666,
      "stddev": 0.000123169408295654,
      "median": 0.0025413335000000004,
      "user": 0.0008169166666666666,
      "system": 0.0008566666666666666,
      "min": 0.002358209,
      "max": 0.002812709,
      "times": [
        0.00253025,
        0.002464834,
        0.002536542,
        0.0027015420000000004,
        0.002631,
        0.002546125,
        0.0025785,
        0.002812709,
        0.002551125,
        0.002507333,
        0.002404666,
        0.002358209
      ],
      "memory_usage_byte": [
        4358144,
        4358144,
        4358144,
        4358144,
        4505600,
        4505600,
        4505600,
        4505600,
        4505600,
        4505600,
        4587520,
        4587520
      ],
      "exit_codes": [
        0,
        0,
        0,
        0,
        0,
        0,
        0,
        0,
        0,
        0,
        0,
        0
      ]
    },
    {
      "command": "report json",
      "mean": 0.0029100762500000005,
      "stddev": 0.00025913717011516403,
      "median": 0.0027996040000000002,
      "user": 0.0012203333333333333,
      "system": 0.0008530833333333333,
      "min": 0.0026259580000000003,
      "max": 0.0034027920000000004,
      "times": [
        0.0026259580000000003,
        0.002821458,
        0.002709458,
        0.0027040830000000004,
        0.0027900420000000004,
        0.002744208,
        0.002749917,
        0.002809166,
        0.0034027920000000004,
        0.003252833,
        0.0032223750000000004,
        0.0030886250000000002
      ],
      "memory_usage_byte": [
        5013504,
        5013504,
        5013504,
        5013504,
        5013504,
        5013504,
        5013504,
        5013504,
        5013504,
        5013504,
        5013504,
        5013504
      ],
      "exit_codes": [
        0,
        0,
        0,
        0,
        0,
        0,
        0,
        0,
        0,
        0,
        0,
        0
      ]
    },
    {
      "command": "report below 80 json",
      "mean": 0.0024396945000000002,
      "stddev": 0.00013420925051067217,
      "median": 0.0024164375,
      "user": 0.0008203333333333334,
      "system": 0.0007785833333333334,
      "min": 0.0022851250000000003,
      "max": 0.002780292,
      "times": [
        0.002780292,
        0.0025480420000000004,
        0.0022851250000000003,
        0.002516625,
        0.002425083,
        0.002350875,
        0.0023232500000000002,
        0.002489542,
        0.0023644580000000003,
        0.002341042,
        0.0024442080000000002,
        0.002407792
      ],
      "memory_usage_byte": [
        5013504,
        5013504,
        5013504,
        5013504,
        5013504,
        5013504,
        5013504,
        5013504,
        5013504,
        5013504,
        5013504,
        5013504
      ],
      "exit_codes": [
        0,
        0,
        0,
        0,
        0,
        0,
        0,
        0,
        0,
        0,
        0,
        0
      ]
    },
    {
      "command": "report summary-only json",
      "mean": 0.0023301180000000004,
      "stddev": 0.00005615993790950983,
      "median": 0.002329729,
      "user": 0.0008123333333333333,
      "system": 0.0007447499999999999,
      "min": 0.002247625,
      "max": 0.0024385830000000002,
      "times": [
        0.0024385830000000002,
        0.0023533340000000003,
        0.002383875,
        0.0023487910000000002,
        0.002284167,
        0.002387375,
        0.0023210830000000003,
        0.0022972910000000004,
        0.0023004170000000003,
        0.002247625,
        0.002338375,
        0.0022605000000000004
      ],
      "memory_usage_byte": [
        5013504,
        5013504,
        5013504,
        5013504,
        5013504,
        5013504,
        5013504,
        5013504,
        5013504,
        5013504,
        5013504,
        5013504
      ],
      "exit_codes": [
        0,
        0,
        0,
        0,
        0,
        0,
        0,
        0,
        0,
        0,
        0,
        0
      ]
    }
  ]
}
