{
  "results": [
    {
      "command": "coverage only",
      "mean": 0.011862340083333334,
      "stddev": 0.00018722284418523993,
      "median": 0.011898895500000001,
      "user": 0.0039485,
      "system": 0.004766749999999999,
      "min": 0.011509750000000001,
      "max": 0.012148125000000001,
      "times": [
        0.011509750000000001,
        0.012032625,
        0.011993833,
        0.011573292,
        0.011810458000000001,
        0.011872375000000001,
        0.012148125000000001,
        0.011980042000000002,
        0.011963916000000002,
        0.011925416000000001,
        0.011795833,
        0.011742416
      ],
      "memory_usage_byte": [
        5128192,
        5128192,
        5128192,
        5128192,
        5128192,
        5128192,
        5128192,
        5128192,
        5128192,
        5128192,
        5128192,
        5128192
      ],
      "exit_codes": [
        0,
        0,
        0,
        0,
        0,
        0,
        0,
        0,
        0,
        0,
        0,
        0
      ]
    },
    {
      "command": "cached issues state",
      "mean": 0.012128611249999999,
      "stddev": 0.00029291849473721114,
      "median": 0.0121112505,
      "user": 0.003949333333333333,
      "system": 0.004965999999999999,
      "min": 0.011727041,
      "max": 0.012769208,
      "times": [
        0.011727041,
        0.012769208,
        0.012046334,
        0.012406959,
        0.011885625,
        0.012357959,
        0.012251958,
        0.011858750000000001,
        0.012203792000000001,
        0.012176167,
        0.011955,
        0.011904542
      ],
      "memory_usage_byte": [
        5128192,
        5128192,
        5128192,
        5128192,
        5128192,
        5128192,
        5128192,
        5128192,
        5128192,
        5128192,
        5128192,
        5128192
      ],
      "exit_codes": [
        0,
        0,
        0,
        0,
        0,
        0,
        0,
        0,
        0,
        0,
        0,
        0
      ]
    },
    {
      "command": "parse issues each run",
      "mean": 0.016793944416666668,
      "stddev": 0.00028954355461859965,
      "median": 0.016763770500000004,
      "user": 0.0057217499999999985,
      "system": 0.008700749999999998,
      "min": 0.016399084,
      "max": 0.0174465,
      "times": [
        0.0174465,
        0.016399084,
        0.016742583000000002,
        0.016715625,
        0.016429291000000002,
        0.016963875,
        0.0166105,
        0.016578667000000002,
        0.016894208,
        0.016784958000000003,
        0.016911375,
        0.017050667000000002
      ],
      "memory_usage_byte": [
        5816320,
        5816320,
        5816320,
        5849088,
        5849088,
        5849088,
        5849088,
        5849088,
        5849088,
        5849088,
        5849088,
        5849088
      ],
      "exit_codes": [
        0,
        0,
        0,
        0,
        0,
        0,
        0,
        0,
        0,
        0,
        0,
        0
      ]
    }
  ]
}
