{
  "results": [
    {
      "command": "fail-under-total 101",
      "mean": 0.012076281083333334,
      "stddev": 0.0010529973335052535,
      "median": 0.011780104,
      "user": 0.0038987500000000007,
      "system": 0.004846416666666666,
      "min": 0.011481834000000002,
      "max": 0.015361666000000001,
      "times": [
        0.011481834000000002,
        0.011892291000000001,
        0.012163792000000001,
        0.011677375,
        0.011774708,
        0.01165875,
        0.012037791,
        0.0117855,
        0.011762708,
        0.015361666000000001,
        0.011820708000000001,
        0.011498250000000002
      ],
      "memory_usage_byte": [
        5439488,
        5439488,
        5439488,
        5439488,
        5439488,
        5439488,
        5439488,
        5439488,
        5439488,
        5439488,
        5439488,
        5439488
      ],
      "exit_codes": [
        1,
        1,
        1,
        1,
        1,
        1,
        1,
        1,
        1,
        1,
        1,
        1
      ]
    }
  ]
}
