{
  "results": [
    {
      "command": "diff json",
      "mean": 0.011987861250000002,
      "stddev": 0.0002565751204675387,
      "median": 0.011972042,
      "user": 0.00395025,
      "system": 0.004810666666666667,
      "min": 0.011607292,
      "max": 0.012628459000000002,
      "times": [
        0.011800875,
        0.011937459000000001,
        0.012628459000000002,
        0.012140416000000001,
        0.011828917000000001,
        0.012163334000000001,
        0.011607292,
        0.01205525,
        0.012006625,
        0.012014750000000001,
        0.011840583,
        0.011830375
      ],
      "memory_usage_byte": [
        5128192,
        5128192,
        5128192,
        5128192,
        5128192,
        5128192,
        5128192,
        5128192,
        5128192,
        5128192,
        5128192,
        5128192
      ],
      "exit_codes": [
        0,
        0,
        0,
        0,
        0,
        0,
        0,
        0,
        0,
        0,
        0,
        0
      ]
    },
    {
      "command": "comment markdown",
      "mean": 0.024523399333333334,
      "stddev": 0.0005515985048063549,
      "median": 0.0244432295,
      "user": 0.01174458333333333,
      "system": 0.008539,
      "min": 0.023811041,
      "max": 0.025903750000000003,
      "times": [
        0.024151250000000003,
        0.024239375,
        0.023938458000000003,
        0.024861916,
        0.024248084000000003,
        0.024513125,
        0.025903750000000003,
        0.024678084000000003,
        0.024373334,
        0.024743291,
        0.024819084,
        0.023811041
      ],
      "memory_usage_byte": [
        22970368,
        22970368,
        22970368,
        22970368,
        22970368,
        22970368,
        22970368,
        22970368,
        22970368,
        22970368,
        22970368,
        22970368
      ],
      "exit_codes": [
        0,
        0,
        0,
        0,
        0,
        0,
        0,
        0,
        0,
        0,
        0,
        0
      ]
    },
    {
      "command": "annotate sarif",
      "mean": 0.023858277833333334,
      "stddev": 0.00018820967901824712,
      "median": 0.023870167,
      "user": 0.011568666666666665,
      "system": 0.008200166666666666,
      "min": 0.02350125,
      "max": 0.024082542000000002,
      "times": [
        0.024030083,
        0.02350125,
        0.024008708,
        0.023887792,
        0.024057750000000003,
        0.023722125,
        0.023852542,
        0.02383975,
        0.023598542,
        0.023987,
        0.024082542000000002,
        0.023731250000000002
      ],
      "memory_usage_byte": [
        22970368,
        22970368,
        22970368,
        22970368,
        22970368,
        22970368,
        22970368,
        22970368,
        22970368,
        22970368,
        22970368,
        22970368
      ],
      "exit_codes": [
        0,
        0,
        0,
        0,
        0,
        0,
        0,
        0,
        0,
        0,
        0,
        0
      ]
    },
    {
      "command": "pr one-shot",
      "mean": 0.024244510333333334,
      "stddev": 0.00030362836501053337,
      "median": 0.024226208000000003,
      "user": 0.011679583333333332,
      "system": 0.008626,
      "min": 0.023791792000000003,
      "max": 0.024677375,
      "times": [
        0.024022291,
        0.024479417,
        0.024677375,
        0.024305167000000003,
        0.024553750000000003,
        0.024283666000000002,
        0.023839958,
        0.024093917000000003,
        0.023791792000000003,
        0.024044333,
        0.024168750000000003,
        0.024673708000000003
      ],
      "memory_usage_byte": [
        23052288,
        23052288,
        23052288,
        23052288,
        23052288,
        23052288,
        23052288,
        23166976,
        23166976,
        23166976,
        23166976,
        23166976
      ],
      "exit_codes": [
        0,
        0,
        0,
        0,
        0,
        0,
        0,
        0,
        0,
        0,
        0,
        0
      ]
    }
  ]
}
