{
  "results": [
    {
      "command": "doctor json",
      "mean": 0.08296479483333333,
      "stddev": 0.0010673757624370024,
      "median": 0.08309279150000001,
      "user": 0.041425416666666666,
      "system": 0.024767166666666663,
      "min": 0.079992833,
      "max": 0.08386450000000001,
      "times": [
        0.083854333,
        0.083733416,
        0.08386450000000001,
        0.082925,
        0.08295325,
        0.08230683300000001,
        0.079992833,
        0.082770708,
        0.083791875,
        0.083232333,
        0.083433541,
        0.082718916
      ],
      "memory_usage_byte": [
        77807616,
        77807616,
        77807616,
        77807616,
        77807616,
        77807616,
        77807616,
        77807616,
        77807616,
        77807616,
        77807616,
        77807616
      ],
      "exit_codes": [
        0,
        0,
        0,
        0,
        0,
        0,
        0,
        0,
        0,
        0,
        0,
        0
      ]
    },
    {
      "command": "map-paths learn",
      "mean": 0.06610882983333334,
      "stddev": 0.0006259665405450754,
      "median": 0.0661249585,
      "user": 0.03577008333333333,
      "system": 0.017839083333333332,
      "min": 0.0649165,
      "max": 0.06695000000000001,
      "times": [
        0.066513083,
        0.066631666,
        0.06587625,
        0.06583950000000001,
        0.065528792,
        0.066818875,
        0.06695000000000001,
        0.06548804100000001,
        0.066578417,
        0.0649165,
        0.066373667,
        0.065791167
      ],
      "memory_usage_byte": [
        77807616,
        77807616,
        77807616,
        77807616,
        77807616,
        77807616,
        77807616,
        77807616,
        77807616,
        77807616,
        78839808,
        78839808
      ],
      "exit_codes": [
        0,
        0,
        0,
        0,
        0,
        0,
        0,
        0,
        0,
        0,
        0,
        0
      ]
    },
    {
      "command": "map-paths explain",
      "mean": 0.06203712150000001,
      "stddev": 0.0013404315476234785,
      "median": 0.061773167000000004,
      "user": 0.034160833333333335,
      "system": 0.015666583333333334,
      "min": 0.060799458,
      "max": 0.0657795,
      "times": [
        0.060869875000000004,
        0.061723084000000004,
        0.061256625,
        0.062424667,
        0.06232833300000001,
        0.061666250000000006,
        0.062318666,
        0.060799458,
        0.06182325,
        0.060871125000000005,
        0.062584625,
        0.0657795
      ],
      "memory_usage_byte": [
        78839808,
        78839808,
        78839808,
        78839808,
        78839808,
        78839808,
        78839808,
        78839808,
        78839808,
        78839808,
        78839808,
        78839808
      ],
      "exit_codes": [
        0,
        0,
        0,
        0,
        0,
        0,
        0,
        0,
        0,
        0,
        0,
        0
      ]
    }
  ]
}
