{
  "results": [
    {
      "command": "testmap build",
      "mean": 0.8140993193333336,
      "stddev": 0.005917853746795809,
      "median": 0.8120484375000001,
      "user": 0.26816666666666666,
      "system": 0.34258533333333335,
      "min": 0.8095545420000001,
      "max": 0.8257689170000001,
      "times": [
        0.811621083,
        0.8095545420000001,
        0.814156791,
        0.8110187910000001,
        0.8124757920000001,
        0.8257689170000001
      ],
      "memory_usage_byte": [
        4964352,
        4964352,
        4980736,
        4980736,
        4997120,
        4997120
      ],
      "exit_codes": [
        0,
        0,
        0,
        0,
        0,
        0
      ]
    },
    {
      "command": "impact record",
      "mean": 0.8191872776666669,
      "stddev": 0.0030695940270685732,
      "median": 0.8189362500000001,
      "user": 0.2697893333333334,
      "system": 0.3440856666666667,
      "min": 0.8155343340000001,
      "max": 0.8245150830000001,
      "times": [
        0.8189349170000001,
        0.820112291,
        0.8189375830000001,
        0.8245150830000001,
        0.8170894580000001,
        0.8155343340000001
      ],
      "memory_usage_byte": [
        5406720,
        5406720,
        5406720,
        5603328,
        5603328,
        5603328
      ],
      "exit_codes": [
        0,
        0,
        0,
        0,
        0,
        0
      ]
    },
    {
      "command": "impact plan",
      "mean": 0.008073506666666667,
      "stddev": 0.0001536248211451087,
      "median": 0.0080316245,
      "user": 0.002732,
      "system": 0.003196166666666666,
      "min": 0.007917750000000001,
      "max": 0.008289166,
      "times": [
        0.007917750000000001,
        0.007981416,
        0.008081833,
        0.007946875,
        0.008224,
        0.008289166
      ],
      "memory_usage_byte": [
        5603328,
        5603328,
        5603328,
        5603328,
        5603328,
        5603328
      ],
      "exit_codes": [
        0,
        0,
        0,
        0,
        0,
        0
      ]
    }
  ]
}
