{
  "results": [
    {
      "command": "shard plan",
      "mean": 0.0029842986666666674,
      "stddev": 0.00015611008055118337,
      "median": 0.002961104,
      "user": 0.000905,
      "system": 0.0011863333333333333,
      "min": 0.0028094580000000004,
      "max": 0.003365667,
      "times": [
        0.003365667,
        0.003166083,
        0.0030254170000000003,
        0.0030453340000000002,
        0.00287775,
        0.002973208,
        0.002876875,
        0.0028094580000000004,
        0.002978792,
        0.0028267920000000003,
        0.002917208,
        0.0029490000000000002
      ],
      "memory_usage_byte": [
        4227072,
        4227072,
        4227072,
        4227072,
        4227072,
        4227072,
        4227072,
        4227072,
        4341760,
        4341760,
        4341760,
        4374528
      ],
      "exit_codes": [
        0,
        0,
        0,
        0,
        0,
        0,
        0,
        0,
        0,
        0,
        0,
        0
      ]
    },
    {
      "command": "merge 8+8 shards",
      "mean": 0.0032300452500000003,
      "stddev": 0.00024251869599912023,
      "median": 0.0031882295000000005,
      "user": 0.00090975,
      "system": 0.0013096666666666664,
      "min": 0.003015709,
      "max": 0.003934625000000001,
      "times": [
        0.0033429590000000004,
        0.00322,
        0.0032769580000000004,
        0.0031841670000000003,
        0.003238125,
        0.0031922920000000002,
        0.003015709,
        0.003934625000000001,
        0.003040042,
        0.003150583,
        0.0030856250000000003,
        0.003079458
      ],
      "memory_usage_byte": [
        4554752,
        4554752,
        4554752,
        4554752,
        4554752,
        4571136,
        4571136,
        4571136,
        4571136,
        4571136,
        4571136,
        4571136
      ],
      "exit_codes": [
        0,
        0,
        0,
        0,
        0,
        0,
        0,
        0,
        0,
        0,
        0,
        0
      ]
    }
  ]
}
